Food_Combo_ID,Season,Combo_Type,Food_Menu_Item_Main,Food_Menu_Item_Side_Dish,Food_Menu_Item_Dessert_Name,Waste_Risk_Score,Waste_Risk_Level,Estimated_Waste_Reduction_Percentage,Recommended_Strategies
1,Summer,Lunch Combo (Main+Side+Dessert),Lebanese Style Baked Chicken and Potatoes Recipe,Corn And Onion Raita Recipe,Lemon Custard Tart Recipe,0.6,Medium,27,Track daily usage & adjust portions; Batch small quantities; Use FIFO storage & rapid chill; Cross-utilize protein in stocks/soups; Source local seasonal produce to reduce spoilage and transport loss
2,Summer,Dinner Combo (Soup+Main+Beverage),Lebanese Style Baked Chicken and Potatoes Recipe,Homemade Canape Papdi Chaat Recipe,Lemon Custard Tart Recipe,0.535,Medium,36,Track daily usage & adjust portions; Batch small quantities; Use FIFO storage & rapid chill; Cross-utilize protein in stocks/soups; Plan cross-day menu reuse (stocks/bases); Use leftover bases for soups or gravies; Source local seasonal produce to reduce spoilage and transport loss
3,Summer,Lunch Combo (Main+Side+Dessert),Andhra Pepper Chicken Recipe - Dry Restaurant Style Pepper Chicken,Lemon Thyme Rasam Recipe,"Eggless Strawberry, Rose And Pistachio Cake Recipe",0.555,Medium,32,Track daily usage & adjust portions; Batch small quantities; Use FIFO storage & rapid chill; Cross-utilize protein in stocks/soups; Source local seasonal produce to reduce spoilage and transport loss
4,Summer,Dinner Combo (Soup+Main+Beverage),Andhra Pepper Chicken Recipe - Dry Restaurant Style Pepper Chicken,Baked Matar Kachori Recipe - Delicious Evening Snack,"Eggless Strawberry, Rose And Pistachio Cake Recipe",0.505,Medium,35,"Track daily usage & adjust portions; Prep-to-order leafy items; Keep dressings/sauces separate; Use repurposing (soups, fillings); Plan cross-day menu reuse (stocks/bases); Use leftover bases for soups or gravies; Source local seasonal produce to reduce spoilage and transport loss"
5,Summer,Lunch Combo (Main+Side+Dessert),Gujarati Kadhi Recipe - Sweet and Spicy Gujarati Kadhi,Mooli Raita Recipe - Spiced Yogurt Salad with Radish,Frozen Strawberry Souffle Recipe,0.6,Medium,30,Track daily usage & adjust portions; Batch small quantities; Use FIFO storage & rapid chill; Cross-utilize protein in stocks/soups; Source local seasonal produce to reduce spoilage and transport loss
6,Summer,Dinner Combo (Soup+Main+Beverage),Gujarati Kadhi Recipe - Sweet and Spicy Gujarati Kadhi,Karnataka Style BALEDINA Kosambari Recipe (Banana Stem Salad),Frozen Strawberry Souffle Recipe,0.535,Medium,35,Track daily usage & adjust portions; Batch small quantities; Use FIFO storage & rapid chill; Cross-utilize protein in stocks/soups; Plan cross-day menu reuse (stocks/bases); Use leftover bases for soups or gravies; Source local seasonal produce to reduce spoilage and transport loss
7,Summer,Lunch Combo (Main+Side+Dessert),Slow Cooker Mexican Chicken Stew Recipe,Beetroot & Sesame Thepla Recipe ,Fennel Infused Mango Sorbet Recipe,0.48,Medium,33,"Track daily usage & adjust portions; Prep-to-order leafy items; Keep dressings/sauces separate; Use repurposing (soups, fillings); Source local seasonal produce to reduce spoilage and transport loss"
8,Summer,Dinner Combo (Soup+Main+Beverage),Slow Cooker Mexican Chicken Stew Recipe,BHEL Puri Recipe - BHEL Puri Recipe,Fennel Infused Mango Sorbet Recipe,0.49,Medium,38,"Track daily usage & adjust portions; Prep-to-order leafy items; Keep dressings/sauces separate; Use repurposing (soups, fillings); Plan cross-day menu reuse (stocks/bases); Use leftover bases for soups or gravies; Source local seasonal produce to reduce spoilage and transport loss"
9,Summer,Lunch Combo (Main+Side+Dessert),Greek Style Vegan Moussaka Recipe,Tawa Crispy Pomfret Fry Recipe,Whole Wheat Lemon & Cranberry Muffins Recipe,0.6,Medium,27,Track daily usage & adjust portions; Batch small quantities; Use FIFO storage & rapid chill; Cross-utilize protein in stocks/soups; Source local seasonal produce to reduce spoilage and transport loss
10,Summer,Dinner Combo (Soup+Main+Beverage),Greek Style Vegan Moussaka Recipe,Sukha Bhel Recipe With Boiled Peanuts - Peanut Bhel Chaat,Whole Wheat Lemon & Cranberry Muffins Recipe,0.535,Medium,32,Track daily usage & adjust portions; Batch small quantities; Use FIFO storage & rapid chill; Cross-utilize protein in stocks/soups; Plan cross-day menu reuse (stocks/bases); Use leftover bases for soups or gravies; Source local seasonal produce to reduce spoilage and transport loss
11,Summer,Lunch Combo (Main+Side+Dessert),Slow Cooker Mexican Chicken Stew Recipe,Classic Indian Sliced Salad Recipe,Frozen Strawberry Souffle Recipe,0.555,Medium,40,Track daily usage & adjust portions; Batch small quantities; Use FIFO storage & rapid chill; Cross-utilize protein in stocks/soups; Source local seasonal produce to reduce spoilage and transport loss
12,Summer,Dinner Combo (Soup+Main+Beverage),Slow Cooker Mexican Chicken Stew Recipe,Beetroot Gajar Mooli Salad Recipe - Radish & Beetroot Salad,Frozen Strawberry Souffle Recipe,0.505,Medium,42,"Track daily usage & adjust portions; Prep-to-order leafy items; Keep dressings/sauces separate; Use repurposing (soups, fillings); Plan cross-day menu reuse (stocks/bases); Use leftover bases for soups or gravies; Source local seasonal produce to reduce spoilage and transport loss"
13,Summer,Lunch Combo (Main+Side+Dessert),Slow Cooker Mexican Chicken Stew Recipe,Mysore Chutney Recipe - Chana Dal Chutney,Whole Wheat Orange Honey Cake Recipe,0.525,Medium,39,"Track daily usage & adjust portions; Prep-to-order leafy items; Keep dressings/sauces separate; Use repurposing (soups, fillings); Source local seasonal produce to reduce spoilage and transport loss"
14,Summer,Dinner Combo (Soup+Main+Beverage),Slow Cooker Mexican Chicken Stew Recipe,Chicken seekh kebab recipe,Whole Wheat Orange Honey Cake Recipe,0.58,Medium,36,Track daily usage & adjust portions; Batch small quantities; Use FIFO storage & rapid chill; Cross-utilize protein in stocks/soups; Plan cross-day menu reuse (stocks/bases); Use leftover bases for soups or gravies; Source local seasonal produce to reduce spoilage and transport loss
15,Summer,Lunch Combo (Main+Side+Dessert),Gujarati Kadhi Recipe - Gujarati Kadhi Recipe,Grilled Vegetable and Oat Salad Recipe with Feta Cheese,Whole Wheat Lemon & Cranberry Muffins Recipe,0.6,Medium,30,Track daily usage & adjust portions; Batch small quantities; Use FIFO storage & rapid chill; Cross-utilize protein in stocks/soups; Source local seasonal produce to reduce spoilage and transport loss
16,Summer,Dinner Combo (Soup+Main+Beverage),Gujarati Kadhi Recipe - Gujarati Kadhi Recipe,Dal Bhajia Recipe - Vegetable Dal Pakora Recipe,Whole Wheat Lemon & Cranberry Muffins Recipe,0.535,Medium,32,Track daily usage & adjust portions; Batch small quantities; Use FIFO storage & rapid chill; Cross-utilize protein in stocks/soups; Plan cross-day menu reuse (stocks/bases); Use leftover bases for soups or gravies; Source local seasonal produce to reduce spoilage and transport loss
17,Summer,Lunch Combo (Main+Side+Dessert),Greek Style Vegan Moussaka Recipe,Begun Basanti Recipe - Eggplant In Mustard Yogurt Curry,Tiramisu Gingerbread Cupcake Recipe,0.6,Medium,38,Track daily usage & adjust portions; Batch small quantities; Use FIFO storage & rapid chill; Cross-utilize protein in stocks/soups; Source local seasonal produce to reduce spoilage and transport loss
18,Summer,Dinner Combo (Soup+Main+Beverage),Greek Style Vegan Moussaka Recipe,Grilled Chicken Wings Recipe,Tiramisu Gingerbread Cupcake Recipe,0.58,Medium,36,Track daily usage & adjust portions; Batch small quantities; Use FIFO storage & rapid chill; Cross-utilize protein in stocks/soups; Plan cross-day menu reuse (stocks/bases); Use leftover bases for soups or gravies; Source local seasonal produce to reduce spoilage and transport loss
19,Summer,Lunch Combo (Main+Side+Dessert),Basil Pesto Grilled Chicken Recipe,Green Moong vegetable - Green Moong Dal Sabzi (Recipe in Hindi),Lemon Custard Tart Recipe,0.555,Medium,42,Track daily usage & adjust portions; Batch small quantities; Use FIFO storage & rapid chill; Cross-utilize protein in stocks/soups; Source local seasonal produce to reduce spoilage and transport loss
20,Summer,Dinner Combo (Soup+Main+Beverage),Basil Pesto Grilled Chicken Recipe,Golgappa Chaat Recipe,Lemon Custard Tart Recipe,0.58,Medium,38,Track daily usage & adjust portions; Batch small quantities; Use FIFO storage & rapid chill; Cross-utilize protein in stocks/soups; Plan cross-day menu reuse (stocks/bases); Use leftover bases for soups or gravies; Source local seasonal produce to reduce spoilage and transport loss
21,Summer,Lunch Combo (Main+Side+Dessert),Gujarati Kadhi Recipe - Sweet and Spicy Gujarati Kadhi,Mooli Raita Recipe - Spiced Yogurt Salad with Radish,Lemon Custard Tart Recipe,0.6,Medium,41,Track daily usage & adjust portions; Batch small quantities; Use FIFO storage & rapid chill; Cross-utilize protein in stocks/soups; Source local seasonal produce to reduce spoilage and transport loss
22,Summer,Dinner Combo (Soup+Main+Beverage),Gujarati Kadhi Recipe - Sweet and Spicy Gujarati Kadhi,Bajri Methi Na Vada Recipe - Pearl Millet Flour Fritters,Lemon Custard Tart Recipe,0.58,Medium,32,Track daily usage & adjust portions; Batch small quantities; Use FIFO storage & rapid chill; Cross-utilize protein in stocks/soups; Plan cross-day menu reuse (stocks/bases); Use leftover bases for soups or gravies; Source local seasonal produce to reduce spoilage and transport loss
23,Summer,Lunch Combo (Main+Side+Dessert),Slow Cooker Mexican Chicken Stew Recipe,Gujarati Lasaniya Batata Recipe - Garlic Potato Curry,Whole Wheat Orange Honey Cake Recipe,0.6,Medium,42,Track daily usage & adjust portions; Batch small quantities; Use FIFO storage & rapid chill; Cross-utilize protein in stocks/soups; Source local seasonal produce to reduce spoilage and transport loss
24,Summer,Dinner Combo (Soup+Main+Beverage),Slow Cooker Mexican Chicken Stew Recipe,Chatpata Aloo Moong Sprouts Recipe With Buttered Pav Buns,Whole Wheat Orange Honey Cake Recipe,0.535,Medium,45,Track daily usage & adjust portions; Batch small quantities; Use FIFO storage & rapid chill; Cross-utilize protein in stocks/soups; Plan cross-day menu reuse (stocks/bases); Use leftover bases for soups or gravies; Source local seasonal produce to reduce spoilage and transport loss
25,Summer,Lunch Combo (Main+Side+Dessert),Gujarati Kadhi Recipe - Gujarati Kadhi Recipe,Beetroot & Sesame Thepla Recipe ,"Eggless Strawberry, Rose And Pistachio Cake Recipe",0.525,Medium,33,"Track daily usage & adjust portions; Prep-to-order leafy items; Keep dressings/sauces separate; Use repurposing (soups, fillings); Source local seasonal produce to reduce spoilage and transport loss"
26,Summer,Dinner Combo (Soup+Main+Beverage),Gujarati Kadhi Recipe - Gujarati Kadhi Recipe,Mustard Mayo Baby Potato Salad Recipe,"Eggless Strawberry, Rose And Pistachio Cake Recipe",0.58,Medium,35,Track daily usage & adjust portions; Batch small quantities; Use FIFO storage & rapid chill; Cross-utilize protein in stocks/soups; Plan cross-day menu reuse (stocks/bases); Use leftover bases for soups or gravies; Source local seasonal produce to reduce spoilage and transport loss
27,Summer,Lunch Combo (Main+Side+Dessert),Slow Cooker Mexican Chicken Stew Recipe,Beetroot & Sesame Thepla Recipe ,Frozen Strawberry Souffle Recipe,0.525,Medium,38,"Track daily usage & adjust portions; Prep-to-order leafy items; Keep dressings/sauces separate; Use repurposing (soups, fillings); Source local seasonal produce to reduce spoilage and transport loss"
28,Summer,Dinner Combo (Soup+Main+Beverage),Slow Cooker Mexican Chicken Stew Recipe,Sprouted Moong Chaat Recipe,Frozen Strawberry Souffle Recipe,0.535,Medium,33,Track daily usage & adjust portions; Batch small quantities; Use FIFO storage & rapid chill; Cross-utilize protein in stocks/soups; Plan cross-day menu reuse (stocks/bases); Use leftover bases for soups or gravies; Source local seasonal produce to reduce spoilage and transport loss
29,Summer,Lunch Combo (Main+Side+Dessert),Andhra Pepper Chicken Recipe - Dry Restaurant Style Pepper Chicken,Your Kalanian Resource - Rinnas Bagrys Curry,Whole Wheat Orange Honey Cake Recipe,0.6,Medium,26,Track daily usage & adjust portions; Batch small quantities; Use FIFO storage & rapid chill; Cross-utilize protein in stocks/soups; Source local seasonal produce to reduce spoilage and transport loss
30,Summer,Dinner Combo (Soup+Main+Beverage),Andhra Pepper Chicken Recipe - Dry Restaurant Style Pepper Chicken,Stuffed Idli Ke Pakode Recipe,Whole Wheat Orange Honey Cake Recipe,0.535,Medium,46,Track daily usage & adjust portions; Batch small quantities; Use FIFO storage & rapid chill; Cross-utilize protein in stocks/soups; Plan cross-day menu reuse (stocks/bases); Use leftover bases for soups or gravies; Source local seasonal produce to reduce spoilage and transport loss
31,Summer,Lunch Combo (Main+Side+Dessert),Basil Pesto Grilled Chicken Recipe,Kaju Karela Recipe - Bitter Gourd And Cashew Nuts Stir Fry,"Eggless Strawberry, Rose And Pistachio Cake Recipe",0.555,Medium,33,Track daily usage & adjust portions; Batch small quantities; Use FIFO storage & rapid chill; Cross-utilize protein in stocks/soups; Source local seasonal produce to reduce spoilage and transport loss
32,Summer,Dinner Combo (Soup+Main+Beverage),Basil Pesto Grilled Chicken Recipe,Sprouted Moong Chaat Recipe,"Eggless Strawberry, Rose And Pistachio Cake Recipe",0.535,Medium,39,Track daily usage & adjust portions; Batch small quantities; Use FIFO storage & rapid chill; Cross-utilize protein in stocks/soups; Plan cross-day menu reuse (stocks/bases); Use leftover bases for soups or gravies; Source local seasonal produce to reduce spoilage and transport loss
33,Summer,Lunch Combo (Main+Side+Dessert),Pudina Mushroom And Soya Biryani Recipe,Vazhaithandu Pachadi Recipe - Banana Stem Raita,Lemon Custard Tart Recipe,0.6,Medium,29,Track daily usage & adjust portions; Batch small quantities; Use FIFO storage & rapid chill; Cross-utilize protein in stocks/soups; Source local seasonal produce to reduce spoilage and transport loss
34,Summer,Dinner Combo (Soup+Main+Beverage),Pudina Mushroom And Soya Biryani Recipe,Waldorf Salad Recipe,Lemon Custard Tart Recipe,0.58,Medium,32,Track daily usage & adjust portions; Batch small quantities; Use FIFO storage & rapid chill; Cross-utilize protein in stocks/soups; Plan cross-day menu reuse (stocks/bases); Use leftover bases for soups or gravies; Source local seasonal produce to reduce spoilage and transport loss
35,Summer,Lunch Combo (Main+Side+Dessert),Ribs With Guava Barbecue Sauce Recipe,"Moroccan Fennel, Roasted Beet & Citrus Salad with Fennel-Beet Yogurt Dressing Recipe",Tiramisu Gingerbread Cupcake Recipe,0.492,Medium,36,"Track daily usage & adjust portions; Prep-to-order leafy items; Keep dressings/sauces separate; Use repurposing (soups, fillings); Source local seasonal produce to reduce spoilage and transport loss"
36,Summer,Dinner Combo (Soup+Main+Beverage),Ribs With Guava Barbecue Sauce Recipe,Corn Pineapple Salsa Salad Recipe,Tiramisu Gingerbread Cupcake Recipe,0.427,Medium,34,"Track daily usage & adjust portions; Prep-to-order leafy items; Keep dressings/sauces separate; Use repurposing (soups, fillings); Plan cross-day menu reuse (stocks/bases); Use leftover bases for soups or gravies; Source local seasonal produce to reduce spoilage and transport loss"
37,Summer,Lunch Combo (Main+Side+Dessert),Greek Style Vegan Moussaka Recipe,Roasted Vegetables With Tahini Sauce Recipe,Whole Wheat Orange Honey Cake Recipe,0.6,Medium,40,Track daily usage & adjust portions; Batch small quantities; Use FIFO storage & rapid chill; Cross-utilize protein in stocks/soups; Source local seasonal produce to reduce spoilage and transport loss
38,Summer,Dinner Combo (Soup+Main+Beverage),Greek Style Vegan Moussaka Recipe,Dal Bhajia Recipe - Vegetable Dal Pakora Recipe,Whole Wheat Orange Honey Cake Recipe,0.535,Medium,47,Track daily usage & adjust portions; Batch small quantities; Use FIFO storage & rapid chill; Cross-utilize protein in stocks/soups; Plan cross-day menu reuse (stocks/bases); Use leftover bases for soups or gravies; Source local seasonal produce to reduce spoilage and transport loss
39,Summer,Lunch Combo (Main+Side+Dessert),Greek Style Vegan Moussaka Recipe,Lemon Thyme Rasam Recipe,Whole Wheat Orange Honey Cake Recipe,0.555,Medium,35,Track daily usage & adjust portions; Batch small quantities; Use FIFO storage & rapid chill; Cross-utilize protein in stocks/soups; Source local seasonal produce to reduce spoilage and transport loss
40,Summer,Dinner Combo (Soup+Main+Beverage),Greek Style Vegan Moussaka Recipe,Grilled Chicken Wings Recipe,Whole Wheat Orange Honey Cake Recipe,0.58,Medium,45,Track daily usage & adjust portions; Batch small quantities; Use FIFO storage & rapid chill; Cross-utilize protein in stocks/soups; Plan cross-day menu reuse (stocks/bases); Use leftover bases for soups or gravies; Source local seasonal produce to reduce spoilage and transport loss
41,Summer,Lunch Combo (Main+Side+Dessert),Lebanese Style Baked Chicken and Potatoes Recipe,Corn And Onion Raita Recipe,"Eggless Strawberry, Rose And Pistachio Cake Recipe",0.6,Medium,32,Track daily usage & adjust portions; Batch small quantities; Use FIFO storage & rapid chill; Cross-utilize protein in stocks/soups; Source local seasonal produce to reduce spoilage and transport loss
42,Summer,Dinner Combo (Soup+Main+Beverage),Lebanese Style Baked Chicken and Potatoes Recipe,Bhakarwadi Chat Recipe - Maharashtra Spaced Chaat,"Eggless Strawberry, Rose And Pistachio Cake Recipe",0.58,Medium,44,Track daily usage & adjust portions; Batch small quantities; Use FIFO storage & rapid chill; Cross-utilize protein in stocks/soups; Plan cross-day menu reuse (stocks/bases); Use leftover bases for soups or gravies; Source local seasonal produce to reduce spoilage and transport loss
43,Summer,Lunch Combo (Main+Side+Dessert),Basil Pesto Grilled Chicken Recipe,Mooli Raita Recipe - Spiced Yogurt Salad with Radish,"Eggless Strawberry, Rose And Pistachio Cake Recipe",0.6,Medium,27,Track daily usage & adjust portions; Batch small quantities; Use FIFO storage & rapid chill; Cross-utilize protein in stocks/soups; Source local seasonal produce to reduce spoilage and transport loss
44,Summer,Dinner Combo (Soup+Main+Beverage),Basil Pesto Grilled Chicken Recipe,Karnataka Style BALEDINA Kosambari Recipe (Banana Stem Salad),"Eggless Strawberry, Rose And Pistachio Cake Recipe",0.535,Medium,47,Track daily usage & adjust portions; Batch small quantities; Use FIFO storage & rapid chill; Cross-utilize protein in stocks/soups; Plan cross-day menu reuse (stocks/bases); Use leftover bases for soups or gravies; Source local seasonal produce to reduce spoilage and transport loss
45,Summer,Lunch Combo (Main+Side+Dessert),Slow Cooker Mexican Chicken Stew Recipe,Maharastrian Kairyichi Amti Recipe - Raw Mango Curry Recipe,Tiramisu Gingerbread Cupcake Recipe,0.555,Medium,34,Track daily usage & adjust portions; Batch small quantities; Use FIFO storage & rapid chill; Cross-utilize protein in stocks/soups; Source local seasonal produce to reduce spoilage and transport loss
46,Summer,Dinner Combo (Soup+Main+Beverage),Slow Cooker Mexican Chicken Stew Recipe,Macaroni chaat recipe,Tiramisu Gingerbread Cupcake Recipe,0.535,Medium,37,Track daily usage & adjust portions; Batch small quantities; Use FIFO storage & rapid chill; Cross-utilize protein in stocks/soups; Plan cross-day menu reuse (stocks/bases); Use leftover bases for soups or gravies; Source local seasonal produce to reduce spoilage and transport loss
47,Summer,Lunch Combo (Main+Side+Dessert),Pudina Mushroom And Soya Biryani Recipe,Cauliflower In Coconut Milk Curry Recipe,Whole Wheat Lemon & Cranberry Muffins Recipe,0.6,Medium,27,Track daily usage & adjust portions; Batch small quantities; Use FIFO storage & rapid chill; Cross-utilize protein in stocks/soups; Source local seasonal produce to reduce spoilage and transport loss
48,Summer,Dinner Combo (Soup+Main+Beverage),Pudina Mushroom And Soya Biryani Recipe,Hariyali Pav Bhaji Recipe,Whole Wheat Lemon & Cranberry Muffins Recipe,0.535,Medium,38,Track daily usage & adjust portions; Batch small quantities; Use FIFO storage & rapid chill; Cross-utilize protein in stocks/soups; Plan cross-day menu reuse (stocks/bases); Use leftover bases for soups or gravies; Source local seasonal produce to reduce spoilage and transport loss
49,Summer,Lunch Combo (Main+Side+Dessert),Andhra Pepper Chicken Recipe - Dry Restaurant Style Pepper Chicken,Peanut Raita Recipe - Boiled Peanut Raita Recipe,"Eggless Strawberry, Rose And Pistachio Cake Recipe",0.6,Medium,28,Track daily usage & adjust portions; Batch small quantities; Use FIFO storage & rapid chill; Cross-utilize protein in stocks/soups; Source local seasonal produce to reduce spoilage and transport loss
50,Summer,Dinner Combo (Soup+Main+Beverage),Andhra Pepper Chicken Recipe - Dry Restaurant Style Pepper Chicken,Refried Beans and Mushroom Tostada Recipe ,"Eggless Strawberry, Rose And Pistachio Cake Recipe",0.58,Medium,40,Track daily usage & adjust portions; Batch small quantities; Use FIFO storage & rapid chill; Cross-utilize protein in stocks/soups; Plan cross-day menu reuse (stocks/bases); Use leftover bases for soups or gravies; Source local seasonal produce to reduce spoilage and transport loss
51,Summer,Lunch Combo (Main+Side+Dessert),Slow Cooker Mexican Chicken Stew Recipe,Grilled Vegetable and Oat Salad Recipe with Feta Cheese,Whole Wheat Lemon & Cranberry Muffins Recipe,0.6,Medium,31,Track daily usage & adjust portions; Batch small quantities; Use FIFO storage & rapid chill; Cross-utilize protein in stocks/soups; Source local seasonal produce to reduce spoilage and transport loss
52,Summer,Dinner Combo (Soup+Main+Beverage),Slow Cooker Mexican Chicken Stew Recipe,Afghani Dhoog Recipe - Cucumber Mint Buttermilk/ Chaas,Whole Wheat Lemon & Cranberry Muffins Recipe,0.58,Medium,42,Track daily usage & adjust portions; Batch small quantities; Use FIFO storage & rapid chill; Cross-utilize protein in stocks/soups; Plan cross-day menu reuse (stocks/bases); Use leftover bases for soups or gravies; Source local seasonal produce to reduce spoilage and transport loss
53,Summer,Lunch Combo (Main+Side+Dessert),Gujarati Kadhi Recipe - Sweet and Spicy Gujarati Kadhi,"Moroccan Fennel, Roasted Beet & Citrus Salad with Fennel-Beet Yogurt Dressing Recipe",Frozen Strawberry Souffle Recipe,0.6,Medium,27,Track daily usage & adjust portions; Batch small quantities; Use FIFO storage & rapid chill; Cross-utilize protein in stocks/soups; Source local seasonal produce to reduce spoilage and transport loss
54,Summer,Dinner Combo (Soup+Main+Beverage),Gujarati Kadhi Recipe - Sweet and Spicy Gujarati Kadhi,Peanut Cucumber Salad Recipe,Frozen Strawberry Souffle Recipe,0.535,Medium,40,Track daily usage & adjust portions; Batch small quantities; Use FIFO storage & rapid chill; Cross-utilize protein in stocks/soups; Plan cross-day menu reuse (stocks/bases); Use leftover bases for soups or gravies; Source local seasonal produce to reduce spoilage and transport loss
55,Summer,Lunch Combo (Main+Side+Dessert),Gujarati Kadhi Recipe - Gujarati Kadhi Recipe,Saunf Wali Hari Gobi Sabzi Recipe - Cauliflower Spiced with Fennel and Green Chutney,Whole Wheat Lemon & Cranberry Muffins Recipe,0.6,Medium,39,Track daily usage & adjust portions; Batch small quantities; Use FIFO storage & rapid chill; Cross-utilize protein in stocks/soups; Source local seasonal produce to reduce spoilage and transport loss
56,Summer,Dinner Combo (Soup+Main+Beverage),Gujarati Kadhi Recipe - Gujarati Kadhi Recipe,Afghani Dhoog Recipe - Cucumber Mint Buttermilk/ Chaas,Whole Wheat Lemon & Cranberry Muffins Recipe,0.58,Medium,40,Track daily usage & adjust portions; Batch small quantities; Use FIFO storage & rapid chill; Cross-utilize protein in stocks/soups; Plan cross-day menu reuse (stocks/bases); Use leftover bases for soups or gravies; Source local seasonal produce to reduce spoilage and transport loss
57,Summer,Lunch Combo (Main+Side+Dessert),Ribs With Guava Barbecue Sauce Recipe,Lauki Raita Recipe - Grated Bottle Gourd Yogurt Salad,Orange & Date Muffin Recipe,0.492,Medium,36,"Track daily usage & adjust portions; Prep-to-order leafy items; Keep dressings/sauces separate; Use repurposing (soups, fillings); Source local seasonal produce to reduce spoilage and transport loss"
58,Summer,Dinner Combo (Soup+Main+Beverage),Ribs With Guava Barbecue Sauce Recipe,Moong Dal Khasta Kachori Recipe,Orange & Date Muffin Recipe,0.427,Medium,39,"Track daily usage & adjust portions; Prep-to-order leafy items; Keep dressings/sauces separate; Use repurposing (soups, fillings); Plan cross-day menu reuse (stocks/bases); Use leftover bases for soups or gravies; Source local seasonal produce to reduce spoilage and transport loss"
59,Summer,Lunch Combo (Main+Side+Dessert),Gujarati Kadhi Recipe - Sweet and Spicy Gujarati Kadhi,Classic Indian Sliced Salad Recipe,Frozen Strawberry Souffle Recipe,0.555,Medium,29,Track daily usage & adjust portions; Batch small quantities; Use FIFO storage & rapid chill; Cross-utilize protein in stocks/soups; Source local seasonal produce to reduce spoilage and transport loss
60,Summer,Dinner Combo (Soup+Main+Beverage),Gujarati Kadhi Recipe - Sweet and Spicy Gujarati Kadhi,Bhakri Chaat Recipe With Green Moong Sprouts And Aloo,Frozen Strawberry Souffle Recipe,0.535,Medium,37,Track daily usage & adjust portions; Batch small quantities; Use FIFO storage & rapid chill; Cross-utilize protein in stocks/soups; Plan cross-day menu reuse (stocks/bases); Use leftover bases for soups or gravies; Source local seasonal produce to reduce spoilage and transport loss
61,Winter,Lunch Combo (Main+Side+Dessert),Alugadde Batani Gasi Recipe - Potatoes and Peas Gassi,Bendekayi Puli Koddel Recipe - Lady Finger In Coconut Tamarind Curry,Paul Cassri Recipe - South Indian Style Milk Kesari,0.447,Medium,38,"Track daily usage & adjust portions; Prep-to-order leafy items; Keep dressings/sauces separate; Use repurposing (soups, fillings); Source local seasonal produce to reduce spoilage and transport loss"
62,Winter,Dinner Combo (Soup+Main+Beverage),Alugadde Batani Gasi Recipe - Potatoes and Peas Gassi,Cauliflower Palak Methi Muthia Recipe ,Paul Cassri Recipe - South Indian Style Milk Kesari,0.427,Medium,44,"Track daily usage & adjust portions; Prep-to-order leafy items; Keep dressings/sauces separate; Use repurposing (soups, fillings); Plan cross-day menu reuse (stocks/bases); Use leftover bases for soups or gravies; Source local seasonal produce to reduce spoilage and transport loss"
63,Winter,Lunch Combo (Main+Side+Dessert),Kashmiri Paneer Gravy Recipe - Kashmiri Paneer Gravy Recipe,Dal Palak Recipe With Moong & Masoor Dal,Shahi Tukda Gajar Halwa Shots With Rabri Recipe,0.555,Medium,29,Track daily usage & adjust portions; Batch small quantities; Use FIFO storage & rapid chill; Cross-utilize protein in stocks/soups; Source local seasonal produce to reduce spoilage and transport loss
64,Winter,Dinner Combo (Soup+Main+Beverage),Kashmiri Paneer Gravy Recipe - Kashmiri Paneer Gravy Recipe,"Millet Cottage Cheese Fritters Recipe-Flavored With  Za'atar,",Shahi Tukda Gajar Halwa Shots With Rabri Recipe,0.58,Medium,37,Track daily usage & adjust portions; Batch small quantities; Use FIFO storage & rapid chill; Cross-utilize protein in stocks/soups; Plan cross-day menu reuse (stocks/bases); Use leftover bases for soups or gravies; Source local seasonal produce to reduce spoilage and transport loss
65,Winter,Lunch Combo (Main+Side+Dessert),Alugadde Batani Gasi Recipe - Potatoes and Peas Gassi,Maharashtrian Style Dashmi Roti Recipe (Jaggery Flatbread) ,Baked modak and karanji/gujiya recipe,0.447,Medium,27,"Track daily usage & adjust portions; Prep-to-order leafy items; Keep dressings/sauces separate; Use repurposing (soups, fillings); Source local seasonal produce to reduce spoilage and transport loss"
66,Winter,Dinner Combo (Soup+Main+Beverage),Alugadde Batani Gasi Recipe - Potatoes and Peas Gassi,Paneer Satay Recipe,Baked modak and karanji/gujiya recipe,0.427,Medium,44,"Track daily usage & adjust portions; Prep-to-order leafy items; Keep dressings/sauces separate; Use repurposing (soups, fillings); Plan cross-day menu reuse (stocks/bases); Use leftover bases for soups or gravies; Source local seasonal produce to reduce spoilage and transport loss"
67,Winter,Lunch Combo (Main+Side+Dessert),Kashmiri Paneer Gravy Recipe - Kashmiri Paneer Gravy Recipe,Gambang Recipe Bread (Indonesian Bread Recipe),Dry Fruit Halwa Recipe,0.6,Medium,42,Track daily usage & adjust portions; Batch small quantities; Use FIFO storage & rapid chill; Cross-utilize protein in stocks/soups; Source local seasonal produce to reduce spoilage and transport loss
68,Winter,Dinner Combo (Soup+Main+Beverage),Kashmiri Paneer Gravy Recipe - Kashmiri Paneer Gravy Recipe,Beetroot Millet Paniyaram Recipe,Dry Fruit Halwa Recipe,0.505,Medium,38,"Track daily usage & adjust portions; Prep-to-order leafy items; Keep dressings/sauces separate; Use repurposing (soups, fillings); Plan cross-day menu reuse (stocks/bases); Use leftover bases for soups or gravies; Source local seasonal produce to reduce spoilage and transport loss"
69,Winter,Lunch Combo (Main+Side+Dessert),Kashmiri Paneer Gravy Recipe - Kashmiri Paneer Gravy Recipe,Palak Tawve Recipe - Palak Tovve Recipe,Pineapple Kesari Bhath Recipe - Sweet Semolina Pudding,0.555,Medium,37,Track daily usage & adjust portions; Batch small quantities; Use FIFO storage & rapid chill; Cross-utilize protein in stocks/soups; Source local seasonal produce to reduce spoilage and transport loss
70,Winter,Dinner Combo (Soup+Main+Beverage),Kashmiri Paneer Gravy Recipe - Kashmiri Paneer Gravy Recipe,Muesli Ragi Chocolate Chip Cookies Recipe ,Pineapple Kesari Bhath Recipe - Sweet Semolina Pudding,0.505,Medium,39,"Track daily usage & adjust portions; Prep-to-order leafy items; Keep dressings/sauces separate; Use repurposing (soups, fillings); Plan cross-day menu reuse (stocks/bases); Use leftover bases for soups or gravies; Source local seasonal produce to reduce spoilage and transport loss"
71,Winter,Lunch Combo (Main+Side+Dessert),Kashmiri Paneer Gravy Recipe - Kashmiri Paneer Gravy Recipe,Spinach Stir Fry Recipe With Garlic,Gulab Jamun Recipe With Khoya,0.555,Medium,31,Track daily usage & adjust portions; Batch small quantities; Use FIFO storage & rapid chill; Cross-utilize protein in stocks/soups; Source local seasonal produce to reduce spoilage and transport loss
72,Winter,Dinner Combo (Soup+Main+Beverage),Kashmiri Paneer Gravy Recipe - Kashmiri Paneer Gravy Recipe,High Protein Spinach & Soy Bites Recipe,Gulab Jamun Recipe With Khoya,0.58,Medium,42,Track daily usage & adjust portions; Batch small quantities; Use FIFO storage & rapid chill; Cross-utilize protein in stocks/soups; Plan cross-day menu reuse (stocks/bases); Use leftover bases for soups or gravies; Source local seasonal produce to reduce spoilage and transport loss
73,Winter,Lunch Combo (Main+Side+Dessert),Kashmiri Paneer Gravy Recipe - Kashmiri Paneer Gravy Recipe,Palak Tawve Recipe - Palak Tovve Recipe,Homemade Easy Gulab Jamun Recipe - Delicious & Tasty,0.555,Medium,40,Track daily usage & adjust portions; Batch small quantities; Use FIFO storage & rapid chill; Cross-utilize protein in stocks/soups; Source local seasonal produce to reduce spoilage and transport loss
74,Winter,Dinner Combo (Soup+Main+Beverage),Kashmiri Paneer Gravy Recipe - Kashmiri Paneer Gravy Recipe,Paneer Satay Recipe,Homemade Easy Gulab Jamun Recipe - Delicious & Tasty,0.58,Medium,40,Track daily usage & adjust portions; Batch small quantities; Use FIFO storage & rapid chill; Cross-utilize protein in stocks/soups; Plan cross-day menu reuse (stocks/bases); Use leftover bases for soups or gravies; Source local seasonal produce to reduce spoilage and transport loss
75,Winter,Lunch Combo (Main+Side+Dessert),Alugadde Batani Gasi Recipe - Potatoes and Peas Gassi,Carrot Capsicum Poriyal Recipe,Chocolate rava ladoo recipe,0.402,Medium,35,"Track daily usage & adjust portions; Prep-to-order leafy items; Keep dressings/sauces separate; Use repurposing (soups, fillings); Source local seasonal produce to reduce spoilage and transport loss"
76,Winter,Dinner Combo (Soup+Main+Beverage),Alugadde Batani Gasi Recipe - Potatoes and Peas Gassi,Muesli Ragi Chocolate Chip Cookies Recipe ,Chocolate rava ladoo recipe,0.352,Medium,39,Track daily usage & adjust portions; Bulk prep & chilled storage; Use bulk purchasing & long-shelf ingredients; Plan cross-day menu reuse (stocks/bases); Use leftover bases for soups or gravies; Source local seasonal produce to reduce spoilage and transport loss
77,Winter,Lunch Combo (Main+Side+Dessert),Alugadde Batani Gasi Recipe - Potatoes and Peas Gassi,Gambang Recipe Bread (Indonesian Bread Recipe),Ragi Choco Coffee Mug Cake Recipe,0.492,Medium,40,"Track daily usage & adjust portions; Prep-to-order leafy items; Keep dressings/sauces separate; Use repurposing (soups, fillings); Source local seasonal produce to reduce spoilage and transport loss"
78,Winter,Dinner Combo (Soup+Main+Beverage),Alugadde Batani Gasi Recipe - Potatoes and Peas Gassi,Beetroot Millet Paniyaram Recipe,Ragi Choco Coffee Mug Cake Recipe,0.397,Medium,39,"Track daily usage & adjust portions; Prep-to-order leafy items; Keep dressings/sauces separate; Use repurposing (soups, fillings); Plan cross-day menu reuse (stocks/bases); Use leftover bases for soups or gravies; Source local seasonal produce to reduce spoilage and transport loss"
79,Winter,Lunch Combo (Main+Side+Dessert),Kashmiri Paneer Gravy Recipe - Kashmiri Paneer Gravy Recipe,Jain Style Paneer Butter Masala Recipe | No Onion No Garlic Paneer Makhani,Rose Flavoured Shahi Tukda Recipe,0.6,Medium,41,Track daily usage & adjust portions; Batch small quantities; Use FIFO storage & rapid chill; Cross-utilize protein in stocks/soups; Source local seasonal produce to reduce spoilage and transport loss
80,Winter,Dinner Combo (Soup+Main+Beverage),Kashmiri Paneer Gravy Recipe - Kashmiri Paneer Gravy Recipe,Cauliflower Palak Methi Muthia Recipe ,Rose Flavoured Shahi Tukda Recipe,0.535,Medium,36,Track daily usage & adjust portions; Batch small quantities; Use FIFO storage & rapid chill; Cross-utilize protein in stocks/soups; Plan cross-day menu reuse (stocks/bases); Use leftover bases for soups or gravies; Source local seasonal produce to reduce spoilage and transport loss
81,Winter,Lunch Combo (Main+Side+Dessert),Alugadde Batani Gasi Recipe - Potatoes and Peas Gassi,Maharashtrian Style Dashmi Roti Recipe (Jaggery Flatbread) ,Shahi Tukda Gajar Halwa Shots With Rabri Recipe,0.492,Medium,40,"Track daily usage & adjust portions; Prep-to-order leafy items; Keep dressings/sauces separate; Use repurposing (soups, fillings); Source local seasonal produce to reduce spoilage and transport loss"
82,Winter,Dinner Combo (Soup+Main+Beverage),Alugadde Batani Gasi Recipe - Potatoes and Peas Gassi,Spicy Roasted Pumpkin Carrot Soup Recipe,Shahi Tukda Gajar Halwa Shots With Rabri Recipe,0.472,Medium,36,"Track daily usage & adjust portions; Prep-to-order leafy items; Keep dressings/sauces separate; Use repurposing (soups, fillings); Plan cross-day menu reuse (stocks/bases); Use leftover bases for soups or gravies; Source local seasonal produce to reduce spoilage and transport loss"
83,Winter,Lunch Combo (Main+Side+Dessert),Alugadde Batani Gasi Recipe - Potatoes and Peas Gassi,Carrot Capsicum Poriyal Recipe,Gulab Jamun Recipe With Khoya,0.447,Medium,35,"Track daily usage & adjust portions; Prep-to-order leafy items; Keep dressings/sauces separate; Use repurposing (soups, fillings); Source local seasonal produce to reduce spoilage and transport loss"
84,Winter,Dinner Combo (Soup+Main+Beverage),Alugadde Batani Gasi Recipe - Potatoes and Peas Gassi,Braided Almond Roll Recipe,Gulab Jamun Recipe With Khoya,0.472,Medium,34,"Track daily usage & adjust portions; Prep-to-order leafy items; Keep dressings/sauces separate; Use repurposing (soups, fillings); Plan cross-day menu reuse (stocks/bases); Use leftover bases for soups or gravies; Source local seasonal produce to reduce spoilage and transport loss"
85,Winter,Lunch Combo (Main+Side+Dessert),Kashmiri Paneer Gravy Recipe - Kashmiri Paneer Gravy Recipe,Dal Palak Recipe With Moong & Masoor Dal,Ragi Choco Coffee Mug Cake Recipe,0.555,Medium,38,Track daily usage & adjust portions; Batch small quantities; Use FIFO storage & rapid chill; Cross-utilize protein in stocks/soups; Source local seasonal produce to reduce spoilage and transport loss
86,Winter,Dinner Combo (Soup+Main+Beverage),Kashmiri Paneer Gravy Recipe - Kashmiri Paneer Gravy Recipe,Beet Latte Recipe,Ragi Choco Coffee Mug Cake Recipe,0.58,Medium,48,Track daily usage & adjust portions; Batch small quantities; Use FIFO storage & rapid chill; Cross-utilize protein in stocks/soups; Plan cross-day menu reuse (stocks/bases); Use leftover bases for soups or gravies; Source local seasonal produce to reduce spoilage and transport loss
87,Winter,Lunch Combo (Main+Side+Dessert),Alugadde Batani Gasi Recipe - Potatoes and Peas Gassi,Jain Style Paneer Butter Masala Recipe | No Onion No Garlic Paneer Makhani,Chocolate rava ladoo recipe,0.447,Medium,32,"Track daily usage & adjust portions; Prep-to-order leafy items; Keep dressings/sauces separate; Use repurposing (soups, fillings); Source local seasonal produce to reduce spoilage and transport loss"
88,Winter,Dinner Combo (Soup+Main+Beverage),Alugadde Batani Gasi Recipe - Potatoes and Peas Gassi,Ella Ada Recipe-Steamed Rice Pancakes With Coconut & Jaggery Filling,Chocolate rava ladoo recipe,0.382,Medium,39,"Track daily usage & adjust portions; Prep-to-order leafy items; Keep dressings/sauces separate; Use repurposing (soups, fillings); Plan cross-day menu reuse (stocks/bases); Use leftover bases for soups or gravies; Source local seasonal produce to reduce spoilage and transport loss"
89,Winter,Lunch Combo (Main+Side+Dessert),Alugadde Batani Gasi Recipe - Potatoes and Peas Gassi,Spinach Stir Fry Recipe With Garlic,Ragi Choco Coffee Mug Cake Recipe,0.447,Medium,28,"Track daily usage & adjust portions; Prep-to-order leafy items; Keep dressings/sauces separate; Use repurposing (soups, fillings); Source local seasonal produce to reduce spoilage and transport loss"
90,Winter,Dinner Combo (Soup+Main+Beverage),Alugadde Batani Gasi Recipe - Potatoes and Peas Gassi,Khajur Satori Recipe (Dates Flatbread),Ragi Choco Coffee Mug Cake Recipe,0.472,Medium,39,"Track daily usage & adjust portions; Prep-to-order leafy items; Keep dressings/sauces separate; Use repurposing (soups, fillings); Plan cross-day menu reuse (stocks/bases); Use leftover bases for soups or gravies; Source local seasonal produce to reduce spoilage and transport loss"
91,Winter,Lunch Combo (Main+Side+Dessert),Alugadde Batani Gasi Recipe - Potatoes and Peas Gassi,Karnataka Style Harive Soppu Bendi Recipe (Amaranth Leaves Cooked in Coconut Broth),Homemade Easy Gulab Jamun Recipe - Delicious & Tasty,0.417,Medium,40,"Track daily usage & adjust portions; Prep-to-order leafy items; Keep dressings/sauces separate; Use repurposing (soups, fillings); Source local seasonal produce to reduce spoilage and transport loss"
92,Winter,Dinner Combo (Soup+Main+Beverage),Alugadde Batani Gasi Recipe - Potatoes and Peas Gassi,Cheese and Spinach Tart Recipe,Homemade Easy Gulab Jamun Recipe - Delicious & Tasty,0.472,Medium,31,"Track daily usage & adjust portions; Prep-to-order leafy items; Keep dressings/sauces separate; Use repurposing (soups, fillings); Plan cross-day menu reuse (stocks/bases); Use leftover bases for soups or gravies; Source local seasonal produce to reduce spoilage and transport loss"
93,Winter,Lunch Combo (Main+Side+Dessert),Alugadde Batani Gasi Recipe - Potatoes and Peas Gassi,Spinach Stir Fry Recipe With Garlic,Maharashtrian Gavachi Kheer Recipe (Whole Cracked Wheat Pudding),0.447,Medium,32,"Track daily usage & adjust portions; Prep-to-order leafy items; Keep dressings/sauces separate; Use repurposing (soups, fillings); Source local seasonal produce to reduce spoilage and transport loss"
94,Winter,Dinner Combo (Soup+Main+Beverage),Alugadde Batani Gasi Recipe - Potatoes and Peas Gassi,Braided Almond Roll Recipe,Maharashtrian Gavachi Kheer Recipe (Whole Cracked Wheat Pudding),0.472,Medium,42,"Track daily usage & adjust portions; Prep-to-order leafy items; Keep dressings/sauces separate; Use repurposing (soups, fillings); Plan cross-day menu reuse (stocks/bases); Use leftover bases for soups or gravies; Source local seasonal produce to reduce spoilage and transport loss"
95,Winter,Lunch Combo (Main+Side+Dessert),Alugadde Batani Gasi Recipe - Potatoes and Peas Gassi,Keerai Masiyal Recipe | Simple Steamed Spinach with Tadka | Tamil Nadu Recipe,Dry Fruit Halwa Recipe,0.447,Medium,26,"Track daily usage & adjust portions; Prep-to-order leafy items; Keep dressings/sauces separate; Use repurposing (soups, fillings); Source local seasonal produce to reduce spoilage and transport loss"
96,Winter,Dinner Combo (Soup+Main+Beverage),Alugadde Batani Gasi Recipe - Potatoes and Peas Gassi,Paneer Satay Recipe,Dry Fruit Halwa Recipe,0.472,Medium,41,"Track daily usage & adjust portions; Prep-to-order leafy items; Keep dressings/sauces separate; Use repurposing (soups, fillings); Plan cross-day menu reuse (stocks/bases); Use leftover bases for soups or gravies; Source local seasonal produce to reduce spoilage and transport loss"
97,Winter,Lunch Combo (Main+Side+Dessert),Kashmiri Paneer Gravy Recipe - Kashmiri Paneer Gravy Recipe,Spinach Stir Fry Recipe With Garlic,Homemade Easy Gulab Jamun Recipe - Delicious & Tasty,0.555,Medium,36,Track daily usage & adjust portions; Batch small quantities; Use FIFO storage & rapid chill; Cross-utilize protein in stocks/soups; Source local seasonal produce to reduce spoilage and transport loss
98,Winter,Dinner Combo (Soup+Main+Beverage),Kashmiri Paneer Gravy Recipe - Kashmiri Paneer Gravy Recipe,"Millet Cottage Cheese Fritters Recipe-Flavored With  Za'atar,",Homemade Easy Gulab Jamun Recipe - Delicious & Tasty,0.58,Medium,46,Track daily usage & adjust portions; Batch small quantities; Use FIFO storage & rapid chill; Cross-utilize protein in stocks/soups; Plan cross-day menu reuse (stocks/bases); Use leftover bases for soups or gravies; Source local seasonal produce to reduce spoilage and transport loss
99,Winter,Lunch Combo (Main+Side+Dessert),Alugadde Batani Gasi Recipe - Potatoes and Peas Gassi,Jain Style Paneer Butter Masala Recipe | No Onion No Garlic Paneer Makhani,Maharashtrian Gavachi Kheer Recipe (Whole Cracked Wheat Pudding),0.492,Medium,37,"Track daily usage & adjust portions; Prep-to-order leafy items; Keep dressings/sauces separate; Use repurposing (soups, fillings); Source local seasonal produce to reduce spoilage and transport loss"
100,Winter,Dinner Combo (Soup+Main+Beverage),Alugadde Batani Gasi Recipe - Potatoes and Peas Gassi,"Millet Cottage Cheese Fritters Recipe-Flavored With  Za'atar,",Maharashtrian Gavachi Kheer Recipe (Whole Cracked Wheat Pudding),0.472,Medium,40,"Track daily usage & adjust portions; Prep-to-order leafy items; Keep dressings/sauces separate; Use repurposing (soups, fillings); Plan cross-day menu reuse (stocks/bases); Use leftover bases for soups or gravies; Source local seasonal produce to reduce spoilage and transport loss"
101,Winter,Lunch Combo (Main+Side+Dessert),Kashmiri Paneer Gravy Recipe - Kashmiri Paneer Gravy Recipe,Maharashtrian Style Dashmi Roti Recipe (Jaggery Flatbread) ,Paul Cassri Recipe - South Indian Style Milk Kesari,0.6,Medium,29,Track daily usage & adjust portions; Batch small quantities; Use FIFO storage & rapid chill; Cross-utilize protein in stocks/soups; Source local seasonal produce to reduce spoilage and transport loss
102,Winter,Dinner Combo (Soup+Main+Beverage),Kashmiri Paneer Gravy Recipe - Kashmiri Paneer Gravy Recipe,Beetroot Millet Paniyaram Recipe,Paul Cassri Recipe - South Indian Style Milk Kesari,0.505,Medium,42,"Track daily usage & adjust portions; Prep-to-order leafy items; Keep dressings/sauces separate; Use repurposing (soups, fillings); Plan cross-day menu reuse (stocks/bases); Use leftover bases for soups or gravies; Source local seasonal produce to reduce spoilage and transport loss"
103,Winter,Lunch Combo (Main+Side+Dessert),Alugadde Batani Gasi Recipe - Potatoes and Peas Gassi,Maharashtrian Style Dashmi Roti Recipe (Jaggery Flatbread) ,Paul Cassri Recipe - South Indian Style Milk Kesari,0.492,Medium,34,"Track daily usage & adjust portions; Prep-to-order leafy items; Keep dressings/sauces separate; Use repurposing (soups, fillings); Source local seasonal produce to reduce spoilage and transport loss"
104,Winter,Dinner Combo (Soup+Main+Beverage),Alugadde Batani Gasi Recipe - Potatoes and Peas Gassi,Khajur Satori Recipe (Dates Flatbread),Paul Cassri Recipe - South Indian Style Milk Kesari,0.472,Medium,46,"Track daily usage & adjust portions; Prep-to-order leafy items; Keep dressings/sauces separate; Use repurposing (soups, fillings); Plan cross-day menu reuse (stocks/bases); Use leftover bases for soups or gravies; Source local seasonal produce to reduce spoilage and transport loss"
105,Winter,Lunch Combo (Main+Side+Dessert),Kashmiri Paneer Gravy Recipe - Kashmiri Paneer Gravy Recipe,Dal Palak Recipe With Moong & Masoor Dal,Chocolate rava ladoo recipe,0.51,Medium,41,"Track daily usage & adjust portions; Prep-to-order leafy items; Keep dressings/sauces separate; Use repurposing (soups, fillings); Source local seasonal produce to reduce spoilage and transport loss"
106,Winter,Dinner Combo (Soup+Main+Beverage),Kashmiri Paneer Gravy Recipe - Kashmiri Paneer Gravy Recipe,Cauliflower Palak Methi Muthia Recipe ,Chocolate rava ladoo recipe,0.49,Medium,31,"Track daily usage & adjust portions; Prep-to-order leafy items; Keep dressings/sauces separate; Use repurposing (soups, fillings); Plan cross-day menu reuse (stocks/bases); Use leftover bases for soups or gravies; Source local seasonal produce to reduce spoilage and transport loss"
107,Winter,Lunch Combo (Main+Side+Dessert),Alugadde Batani Gasi Recipe - Potatoes and Peas Gassi,Spinach Stir Fry Recipe With Garlic,Gajjar Halwa Recipe | Carrot Halwa | Indian Carrot Pudding ,0.447,Medium,36,"Track daily usage & adjust portions; Prep-to-order leafy items; Keep dressings/sauces separate; Use repurposing (soups, fillings); Source local seasonal produce to reduce spoilage and transport loss"
108,Winter,Dinner Combo (Soup+Main+Beverage),Alugadde Batani Gasi Recipe - Potatoes and Peas Gassi,Khajur Satori Recipe (Dates Flatbread),Gajjar Halwa Recipe | Carrot Halwa | Indian Carrot Pudding ,0.472,Medium,43,"Track daily usage & adjust portions; Prep-to-order leafy items; Keep dressings/sauces separate; Use repurposing (soups, fillings); Plan cross-day menu reuse (stocks/bases); Use leftover bases for soups or gravies; Source local seasonal produce to reduce spoilage and transport loss"
109,Winter,Lunch Combo (Main+Side+Dessert),Kashmiri Paneer Gravy Recipe - Kashmiri Paneer Gravy Recipe,Spinach Stir Fry Recipe With Garlic,Gajjar Halwa Recipe | Carrot Halwa | Indian Carrot Pudding ,0.555,Medium,38,Track daily usage & adjust portions; Batch small quantities; Use FIFO storage & rapid chill; Cross-utilize protein in stocks/soups; Source local seasonal produce to reduce spoilage and transport loss
110,Winter,Dinner Combo (Soup+Main+Beverage),Kashmiri Paneer Gravy Recipe - Kashmiri Paneer Gravy Recipe,Cheese and Spinach Tart Recipe,Gajjar Halwa Recipe | Carrot Halwa | Indian Carrot Pudding ,0.58,Medium,35,Track daily usage & adjust portions; Batch small quantities; Use FIFO storage & rapid chill; Cross-utilize protein in stocks/soups; Plan cross-day menu reuse (stocks/bases); Use leftover bases for soups or gravies; Source local seasonal produce to reduce spoilage and transport loss
111,Winter,Lunch Combo (Main+Side+Dessert),Alugadde Batani Gasi Recipe - Potatoes and Peas Gassi,Bendekayi Puli Koddel Recipe - Lady Finger In Coconut Tamarind Curry,Homemade Easy Gulab Jamun Recipe - Delicious & Tasty,0.447,Medium,40,"Track daily usage & adjust portions; Prep-to-order leafy items; Keep dressings/sauces separate; Use repurposing (soups, fillings); Source local seasonal produce to reduce spoilage and transport loss"
112,Winter,Dinner Combo (Soup+Main+Beverage),Alugadde Batani Gasi Recipe - Potatoes and Peas Gassi,Braided Almond Roll Recipe,Homemade Easy Gulab Jamun Recipe - Delicious & Tasty,0.472,Medium,48,"Track daily usage & adjust portions; Prep-to-order leafy items; Keep dressings/sauces separate; Use repurposing (soups, fillings); Plan cross-day menu reuse (stocks/bases); Use leftover bases for soups or gravies; Source local seasonal produce to reduce spoilage and transport loss"
113,Winter,Lunch Combo (Main+Side+Dessert),Kashmiri Paneer Gravy Recipe - Kashmiri Paneer Gravy Recipe,Dal Palak Recipe With Moong & Masoor Dal,Maharashtrian Gavachi Kheer Recipe (Whole Cracked Wheat Pudding),0.555,Medium,40,Track daily usage & adjust portions; Batch small quantities; Use FIFO storage & rapid chill; Cross-utilize protein in stocks/soups; Source local seasonal produce to reduce spoilage and transport loss
114,Winter,Dinner Combo (Soup+Main+Beverage),Kashmiri Paneer Gravy Recipe - Kashmiri Paneer Gravy Recipe,Braided Almond Roll Recipe,Maharashtrian Gavachi Kheer Recipe (Whole Cracked Wheat Pudding),0.58,Medium,41,Track daily usage & adjust portions; Batch small quantities; Use FIFO storage & rapid chill; Cross-utilize protein in stocks/soups; Plan cross-day menu reuse (stocks/bases); Use leftover bases for soups or gravies; Source local seasonal produce to reduce spoilage and transport loss
115,Winter,Lunch Combo (Main+Side+Dessert),Alugadde Batani Gasi Recipe - Potatoes and Peas Gassi,Spinach Stir Fry Recipe With Garlic,Paruppu Payasam Recipe - Stewed Dal Coconut Milk Payasam,0.447,Medium,38,"Track daily usage & adjust portions; Prep-to-order leafy items; Keep dressings/sauces separate; Use repurposing (soups, fillings); Source local seasonal produce to reduce spoilage and transport loss"
116,Winter,Dinner Combo (Soup+Main+Beverage),Alugadde Batani Gasi Recipe - Potatoes and Peas Gassi,Ella Ada Recipe-Steamed Rice Pancakes With Coconut & Jaggery Filling,Paruppu Payasam Recipe - Stewed Dal Coconut Milk Payasam,0.427,Medium,39,"Track daily usage & adjust portions; Prep-to-order leafy items; Keep dressings/sauces separate; Use repurposing (soups, fillings); Plan cross-day menu reuse (stocks/bases); Use leftover bases for soups or gravies; Source local seasonal produce to reduce spoilage and transport loss"
117,Winter,Lunch Combo (Main+Side+Dessert),Alugadde Batani Gasi Recipe - Potatoes and Peas Gassi,Bendekayi Puli Koddel Recipe - Lady Finger In Coconut Tamarind Curry,Dry Fruit Halwa Recipe,0.447,Medium,37,"Track daily usage & adjust portions; Prep-to-order leafy items; Keep dressings/sauces separate; Use repurposing (soups, fillings); Source local seasonal produce to reduce spoilage and transport loss"
118,Winter,Dinner Combo (Soup+Main+Beverage),Alugadde Batani Gasi Recipe - Potatoes and Peas Gassi,Braided Almond Roll Recipe,Dry Fruit Halwa Recipe,0.472,Medium,40,"Track daily usage & adjust portions; Prep-to-order leafy items; Keep dressings/sauces separate; Use repurposing (soups, fillings); Plan cross-day menu reuse (stocks/bases); Use leftover bases for soups or gravies; Source local seasonal produce to reduce spoilage and transport loss"
119,Winter,Lunch Combo (Main+Side+Dessert),Kashmiri Paneer Gravy Recipe - Kashmiri Paneer Gravy Recipe,Karnataka Style Harive Soppu Bendi Recipe (Amaranth Leaves Cooked in Coconut Broth),Karnataka Style Kashi Halwa Recipe With Ash Gourd,0.48,Medium,33,"Track daily usage & adjust portions; Prep-to-order leafy items; Keep dressings/sauces separate; Use repurposing (soups, fillings); Source local seasonal produce to reduce spoilage and transport loss"
120,Winter,Dinner Combo (Soup+Main+Beverage),Kashmiri Paneer Gravy Recipe - Kashmiri Paneer Gravy Recipe,High Protein Spinach & Soy Bites Recipe,Karnataka Style Kashi Halwa Recipe With Ash Gourd,0.535,Medium,40,Track daily usage & adjust portions; Batch small quantities; Use FIFO storage & rapid chill; Cross-utilize protein in stocks/soups; Plan cross-day menu reuse (stocks/bases); Use leftover bases for soups or gravies; Source local seasonal produce to reduce spoilage and transport loss
121,Monsoon,Lunch Combo (Main+Side+Dessert),Roasted Eggplant & Olive Lasagna Recipe,Bengali Style Chingri Posto Recipe (Prawns Cooked In Poppy Seed Gravy),Besan Ka Sheera Recipe (Natural Cold Remedy),0.6,Medium,36,Track daily usage & adjust portions; Batch small quantities; Use FIFO storage & rapid chill; Cross-utilize protein in stocks/soups; Source local seasonal produce to reduce spoilage and transport loss
122,Monsoon,Dinner Combo (Soup+Main+Beverage),Roasted Eggplant & Olive Lasagna Recipe,Vegetable Ragi Momo Recipe - Finger Millet Dumplings/ Dim Sum Recipe,Besan Ka Sheera Recipe (Natural Cold Remedy),0.535,Medium,47,Track daily usage & adjust portions; Batch small quantities; Use FIFO storage & rapid chill; Cross-utilize protein in stocks/soups; Plan cross-day menu reuse (stocks/bases); Use leftover bases for soups or gravies; Source local seasonal produce to reduce spoilage and transport loss
123,Monsoon,Lunch Combo (Main+Side+Dessert),Spicy And Delicious Chicken Teriyaki Noodle Recipe,Cherupayar Thoran Recipe - Kerala Style Green Gram Sabzi,Besan Ka Sheera Recipe (Natural Cold Remedy),0.555,Medium,30,Track daily usage & adjust portions; Batch small quantities; Use FIFO storage & rapid chill; Cross-utilize protein in stocks/soups; Source local seasonal produce to reduce spoilage and transport loss
124,Monsoon,Dinner Combo (Soup+Main+Beverage),Spicy And Delicious Chicken Teriyaki Noodle Recipe,Spicy Sichuan Cauliflower Recipe,Besan Ka Sheera Recipe (Natural Cold Remedy),0.505,Medium,34,"Track daily usage & adjust portions; Prep-to-order leafy items; Keep dressings/sauces separate; Use repurposing (soups, fillings); Plan cross-day menu reuse (stocks/bases); Use leftover bases for soups or gravies; Source local seasonal produce to reduce spoilage and transport loss"
125,Monsoon,Lunch Combo (Main+Side+Dessert),Tofu Mushroom Curry Recipe in Ginger Mustard Sauce,Cumin Spiced Potato And Leek Soup Recipe,Besan Ka Sheera Recipe (Natural Cold Remedy),0.417,Medium,34,"Track daily usage & adjust portions; Prep-to-order leafy items; Keep dressings/sauces separate; Use repurposing (soups, fillings); Source local seasonal produce to reduce spoilage and transport loss"
126,Monsoon,Dinner Combo (Soup+Main+Beverage),Tofu Mushroom Curry Recipe in Ginger Mustard Sauce,Ice Cream Tea Float Recipe,Besan Ka Sheera Recipe (Natural Cold Remedy),0.472,Medium,42,"Track daily usage & adjust portions; Prep-to-order leafy items; Keep dressings/sauces separate; Use repurposing (soups, fillings); Plan cross-day menu reuse (stocks/bases); Use leftover bases for soups or gravies; Source local seasonal produce to reduce spoilage and transport loss"
127,Monsoon,Lunch Combo (Main+Side+Dessert),Goan Style Mushroom Shagoti Recipe ,Tamil Nadu Style Broccoli Porial Recipe - Tamil Nadu Style Broccoli Poriyal Recipe,Besan Ka Sheera Recipe (Natural Cold Remedy),0.417,Medium,30,"Track daily usage & adjust portions; Prep-to-order leafy items; Keep dressings/sauces separate; Use repurposing (soups, fillings); Source local seasonal produce to reduce spoilage and transport loss"
128,Monsoon,Dinner Combo (Soup+Main+Beverage),Goan Style Mushroom Shagoti Recipe ,Thai Basil Chicken Recipe-Pad Krapow Gai,Besan Ka Sheera Recipe (Natural Cold Remedy),0.472,Medium,43,"Track daily usage & adjust portions; Prep-to-order leafy items; Keep dressings/sauces separate; Use repurposing (soups, fillings); Plan cross-day menu reuse (stocks/bases); Use leftover bases for soups or gravies; Source local seasonal produce to reduce spoilage and transport loss"
129,Monsoon,Lunch Combo (Main+Side+Dessert),Burnt Garlic Mushroom Fried Rice Recipe ,Ginger Garlic Chicken Recipe,Besan Ka Sheera Recipe (Natural Cold Remedy),0.42,Medium,33,"Track daily usage & adjust portions; Prep-to-order leafy items; Keep dressings/sauces separate; Use repurposing (soups, fillings); Source local seasonal produce to reduce spoilage and transport loss"
130,Monsoon,Dinner Combo (Soup+Main+Beverage),Burnt Garlic Mushroom Fried Rice Recipe ,Milagai Bajji Stuffed with Masala Chicken Recipe ,Besan Ka Sheera Recipe (Natural Cold Remedy),0.4,Medium,44,"Track daily usage & adjust portions; Prep-to-order leafy items; Keep dressings/sauces separate; Use repurposing (soups, fillings); Plan cross-day menu reuse (stocks/bases); Use leftover bases for soups or gravies; Source local seasonal produce to reduce spoilage and transport loss"
131,Monsoon,Lunch Combo (Main+Side+Dessert),Eggplant Rolls Recipe,Amritsari Ajwaini Paneer Recipe,Besan Ka Sheera Recipe (Natural Cold Remedy),0.6,Medium,28,Track daily usage & adjust portions; Batch small quantities; Use FIFO storage & rapid chill; Cross-utilize protein in stocks/soups; Source local seasonal produce to reduce spoilage and transport loss
132,Monsoon,Dinner Combo (Soup+Main+Beverage),Eggplant Rolls Recipe,Corn Chilli Cheese Momos Recipe,Besan Ka Sheera Recipe (Natural Cold Remedy),0.58,Medium,39,Track daily usage & adjust portions; Batch small quantities; Use FIFO storage & rapid chill; Cross-utilize protein in stocks/soups; Plan cross-day menu reuse (stocks/bases); Use leftover bases for soups or gravies; Source local seasonal produce to reduce spoilage and transport loss
133,Monsoon,Lunch Combo (Main+Side+Dessert),Bengali Style Kanchkolar Kofta Curry Recipe | Raw Banana Kofta Recipe,Goan Raw Banana Sabzi Recipe,Besan Ka Sheera Recipe (Natural Cold Remedy),0.417,Medium,30,"Track daily usage & adjust portions; Prep-to-order leafy items; Keep dressings/sauces separate; Use repurposing (soups, fillings); Source local seasonal produce to reduce spoilage and transport loss"
134,Monsoon,Dinner Combo (Soup+Main+Beverage),Bengali Style Kanchkolar Kofta Curry Recipe | Raw Banana Kofta Recipe,Japanese Senbei Recipe- Rice Crackers In Indian Flavours,Besan Ka Sheera Recipe (Natural Cold Remedy),0.427,Medium,38,"Track daily usage & adjust portions; Prep-to-order leafy items; Keep dressings/sauces separate; Use repurposing (soups, fillings); Plan cross-day menu reuse (stocks/bases); Use leftover bases for soups or gravies; Source local seasonal produce to reduce spoilage and transport loss"
135,Monsoon,Lunch Combo (Main+Side+Dessert),"Vegetarian Mexican Tacos Recipe With Baked Beans, Peppers and Salad",Gobi Musallam Recipe (Spicy Cauliflower Creamy Gravy),Besan Ka Sheera Recipe (Natural Cold Remedy),0.6,Medium,36,Track daily usage & adjust portions; Batch small quantities; Use FIFO storage & rapid chill; Cross-utilize protein in stocks/soups; Source local seasonal produce to reduce spoilage and transport loss
136,Monsoon,Dinner Combo (Soup+Main+Beverage),"Vegetarian Mexican Tacos Recipe With Baked Beans, Peppers and Salad",Cheesy Spinach Open Toast Recipe,Besan Ka Sheera Recipe (Natural Cold Remedy),0.58,Medium,34,Track daily usage & adjust portions; Batch small quantities; Use FIFO storage & rapid chill; Cross-utilize protein in stocks/soups; Plan cross-day menu reuse (stocks/bases); Use leftover bases for soups or gravies; Source local seasonal produce to reduce spoilage and transport loss
137,Monsoon,Lunch Combo (Main+Side+Dessert),Marrakesh Vegetable Curry Recipe,Tamarind Chilli Aloo Recipe - Tamarind Chilli Potato Recipe,Besan Ka Sheera Recipe (Natural Cold Remedy),0.555,Medium,38,Track daily usage & adjust portions; Batch small quantities; Use FIFO storage & rapid chill; Cross-utilize protein in stocks/soups; Source local seasonal produce to reduce spoilage and transport loss
138,Monsoon,Dinner Combo (Soup+Main+Beverage),Marrakesh Vegetable Curry Recipe,Sabudana Khatti Meethi Namkeen Recipe,Besan Ka Sheera Recipe (Natural Cold Remedy),0.505,Medium,40,"Track daily usage & adjust portions; Prep-to-order leafy items; Keep dressings/sauces separate; Use repurposing (soups, fillings); Plan cross-day menu reuse (stocks/bases); Use leftover bases for soups or gravies; Source local seasonal produce to reduce spoilage and transport loss"
139,Monsoon,Lunch Combo (Main+Side+Dessert),Spicy And Delicious Chicken Teriyaki Noodle Recipe,Paneer Jalfrezi Recipe,Besan Ka Sheera Recipe (Natural Cold Remedy),0.6,Medium,27,Track daily usage & adjust portions; Batch small quantities; Use FIFO storage & rapid chill; Cross-utilize protein in stocks/soups; Source local seasonal produce to reduce spoilage and transport loss
140,Monsoon,Dinner Combo (Soup+Main+Beverage),Spicy And Delicious Chicken Teriyaki Noodle Recipe,Ice Cream Tea Float Recipe,Besan Ka Sheera Recipe (Natural Cold Remedy),0.58,Medium,46,Track daily usage & adjust portions; Batch small quantities; Use FIFO storage & rapid chill; Cross-utilize protein in stocks/soups; Plan cross-day menu reuse (stocks/bases); Use leftover bases for soups or gravies; Source local seasonal produce to reduce spoilage and transport loss
141,Monsoon,Lunch Combo (Main+Side+Dessert),"Vegetarian Mexican Tacos Recipe With Baked Beans, Peppers and Salad",Tamil Nadu Style Broccoli Poriyal Recipe - Broccoli Stir Fry Recipe,Besan Ka Sheera Recipe (Natural Cold Remedy),0.525,Medium,29,"Track daily usage & adjust portions; Prep-to-order leafy items; Keep dressings/sauces separate; Use repurposing (soups, fillings); Source local seasonal produce to reduce spoilage and transport loss"
142,Monsoon,Dinner Combo (Soup+Main+Beverage),"Vegetarian Mexican Tacos Recipe With Baked Beans, Peppers and Salad",Chinese Spiced Noodle Cutlets Recipe,Besan Ka Sheera Recipe (Natural Cold Remedy),0.535,Medium,42,Track daily usage & adjust portions; Batch small quantities; Use FIFO storage & rapid chill; Cross-utilize protein in stocks/soups; Plan cross-day menu reuse (stocks/bases); Use leftover bases for soups or gravies; Source local seasonal produce to reduce spoilage and transport loss
143,Monsoon,Lunch Combo (Main+Side+Dessert),Bengali Style Kanchkolar Kofta Curry Recipe | Raw Banana Kofta Recipe,Honey Roasted Sweet Potato With Red Onions Recipe,Besan Ka Sheera Recipe (Natural Cold Remedy),0.417,Medium,38,"Track daily usage & adjust portions; Prep-to-order leafy items; Keep dressings/sauces separate; Use repurposing (soups, fillings); Source local seasonal produce to reduce spoilage and transport loss"
144,Monsoon,Dinner Combo (Soup+Main+Beverage),Bengali Style Kanchkolar Kofta Curry Recipe | Raw Banana Kofta Recipe,Garlic Chicken Cheese Balls Recipe,Besan Ka Sheera Recipe (Natural Cold Remedy),0.472,Medium,36,"Track daily usage & adjust portions; Prep-to-order leafy items; Keep dressings/sauces separate; Use repurposing (soups, fillings); Plan cross-day menu reuse (stocks/bases); Use leftover bases for soups or gravies; Source local seasonal produce to reduce spoilage and transport loss"
145,Monsoon,Lunch Combo (Main+Side+Dessert),One Pot Punjabi Rajma Masala Recipe - One pot Punjabi Rajma Masala Recipe,Cheesy Mushroom & Corn Open Toast,Besan Ka Sheera Recipe (Natural Cold Remedy),0.492,Medium,41,"Track daily usage & adjust portions; Prep-to-order leafy items; Keep dressings/sauces separate; Use repurposing (soups, fillings); Source local seasonal produce to reduce spoilage and transport loss"
146,Monsoon,Dinner Combo (Soup+Main+Beverage),One Pot Punjabi Rajma Masala Recipe - One pot Punjabi Rajma Masala Recipe,Corn Cakes Recipe With Mozzarella and Avocado Salsa Recipe,Besan Ka Sheera Recipe (Natural Cold Remedy),0.472,Medium,40,"Track daily usage & adjust portions; Prep-to-order leafy items; Keep dressings/sauces separate; Use repurposing (soups, fillings); Plan cross-day menu reuse (stocks/bases); Use leftover bases for soups or gravies; Source local seasonal produce to reduce spoilage and transport loss"
147,Monsoon,Lunch Combo (Main+Side+Dessert),Goan Style Mushroom Shagoti Recipe ,"Macaroni Minestrone Soup Pot Recipe (Wholesome Italian Soup Made Using Vegetables, Beans And Macaroni)",Besan Ka Sheera Recipe (Natural Cold Remedy),0.492,Medium,31,"Track daily usage & adjust portions; Prep-to-order leafy items; Keep dressings/sauces separate; Use repurposing (soups, fillings); Source local seasonal produce to reduce spoilage and transport loss"
148,Monsoon,Dinner Combo (Soup+Main+Beverage),Goan Style Mushroom Shagoti Recipe ,Corn Cakes Recipe With Mozzarella and Avocado Salsa Recipe,Besan Ka Sheera Recipe (Natural Cold Remedy),0.472,Medium,44,"Track daily usage & adjust portions; Prep-to-order leafy items; Keep dressings/sauces separate; Use repurposing (soups, fillings); Plan cross-day menu reuse (stocks/bases); Use leftover bases for soups or gravies; Source local seasonal produce to reduce spoilage and transport loss"
149,Monsoon,Lunch Combo (Main+Side+Dessert),Eggplant Rolls Recipe,Provencal Style Grilled Stuffed Tomato Recipe,Besan Ka Sheera Recipe (Natural Cold Remedy),0.6,Medium,35,Track daily usage & adjust portions; Batch small quantities; Use FIFO storage & rapid chill; Cross-utilize protein in stocks/soups; Source local seasonal produce to reduce spoilage and transport loss
150,Monsoon,Dinner Combo (Soup+Main+Beverage),Eggplant Rolls Recipe,Oven Crisped Burritos with Shredded Chicken Recipe ,Besan Ka Sheera Recipe (Natural Cold Remedy),0.58,Medium,46,Track daily usage & adjust portions; Batch small quantities; Use FIFO storage & rapid chill; Cross-utilize protein in stocks/soups; Plan cross-day menu reuse (stocks/bases); Use leftover bases for soups or gravies; Source local seasonal produce to reduce spoilage and transport loss
151,Monsoon,Lunch Combo (Main+Side+Dessert),Goan Style Mushroom Shagoti Recipe ,Herbed Brown Rice Recipe ,Besan Ka Sheera Recipe (Natural Cold Remedy),0.417,Medium,40,"Track daily usage & adjust portions; Prep-to-order leafy items; Keep dressings/sauces separate; Use repurposing (soups, fillings); Source local seasonal produce to reduce spoilage and transport loss"
152,Monsoon,Dinner Combo (Soup+Main+Beverage),Goan Style Mushroom Shagoti Recipe ,Oven Crisped Burritos with Shredded Chicken Recipe ,Besan Ka Sheera Recipe (Natural Cold Remedy),0.472,Medium,31,"Track daily usage & adjust portions; Prep-to-order leafy items; Keep dressings/sauces separate; Use repurposing (soups, fillings); Plan cross-day menu reuse (stocks/bases); Use leftover bases for soups or gravies; Source local seasonal produce to reduce spoilage and transport loss"
153,Monsoon,Lunch Combo (Main+Side+Dessert),Eggplant Rolls Recipe,Karmani Sundal Recipe - Karamani Sundal Recipe,Besan Ka Sheera Recipe (Natural Cold Remedy),0.525,Medium,41,"Track daily usage & adjust portions; Prep-to-order leafy items; Keep dressings/sauces separate; Use repurposing (soups, fillings); Source local seasonal produce to reduce spoilage and transport loss"
154,Monsoon,Dinner Combo (Soup+Main+Beverage),Eggplant Rolls Recipe,Corn Toast Recipe With Moong Sprouts & Vegetables,Besan Ka Sheera Recipe (Natural Cold Remedy),0.58,Medium,33,Track daily usage & adjust portions; Batch small quantities; Use FIFO storage & rapid chill; Cross-utilize protein in stocks/soups; Plan cross-day menu reuse (stocks/bases); Use leftover bases for soups or gravies; Source local seasonal produce to reduce spoilage and transport loss
155,Monsoon,Lunch Combo (Main+Side+Dessert),Marrakesh Vegetable Curry Recipe,Honey Roasted Sweet Potato With Red Onions Recipe,Besan Ka Sheera Recipe (Natural Cold Remedy),0.525,Medium,31,"Track daily usage & adjust portions; Prep-to-order leafy items; Keep dressings/sauces separate; Use repurposing (soups, fillings); Source local seasonal produce to reduce spoilage and transport loss"
156,Monsoon,Dinner Combo (Soup+Main+Beverage),Marrakesh Vegetable Curry Recipe,Creamy Sweet Corn And Jalapeno Dip Recipe,Besan Ka Sheera Recipe (Natural Cold Remedy),0.58,Medium,40,Track daily usage & adjust portions; Batch small quantities; Use FIFO storage & rapid chill; Cross-utilize protein in stocks/soups; Plan cross-day menu reuse (stocks/bases); Use leftover bases for soups or gravies; Source local seasonal produce to reduce spoilage and transport loss
157,Monsoon,Lunch Combo (Main+Side+Dessert),Spicy And Delicious Chicken Teriyaki Noodle Recipe,Ginger Garlic Chicken Recipe,Besan Ka Sheera Recipe (Natural Cold Remedy),0.6,Medium,31,Track daily usage & adjust portions; Batch small quantities; Use FIFO storage & rapid chill; Cross-utilize protein in stocks/soups; Source local seasonal produce to reduce spoilage and transport loss
158,Monsoon,Dinner Combo (Soup+Main+Beverage),Spicy And Delicious Chicken Teriyaki Noodle Recipe,Corn Chilli Cheese Momos Recipe,Besan Ka Sheera Recipe (Natural Cold Remedy),0.58,Medium,31,Track daily usage & adjust portions; Batch small quantities; Use FIFO storage & rapid chill; Cross-utilize protein in stocks/soups; Plan cross-day menu reuse (stocks/bases); Use leftover bases for soups or gravies; Source local seasonal produce to reduce spoilage and transport loss
159,Monsoon,Lunch Combo (Main+Side+Dessert),Muttai Parotta Recipe ( Ande Ka Paratha / Egg Filled Flat Bread),Bengali Style Chingri Posto Recipe (Prawns Cooked In Poppy Seed Gravy),Besan Ka Sheera Recipe (Natural Cold Remedy),0.6,Medium,33,Track daily usage & adjust portions; Batch small quantities; Use FIFO storage & rapid chill; Cross-utilize protein in stocks/soups; Source local seasonal produce to reduce spoilage and transport loss
160,Monsoon,Dinner Combo (Soup+Main+Beverage),Muttai Parotta Recipe ( Ande Ka Paratha / Egg Filled Flat Bread),Sabudana Khatti Meethi Namkeen Recipe,Besan Ka Sheera Recipe (Natural Cold Remedy),0.505,Medium,40,"Track daily usage & adjust portions; Prep-to-order leafy items; Keep dressings/sauces separate; Use repurposing (soups, fillings); Plan cross-day menu reuse (stocks/bases); Use leftover bases for soups or gravies; Source local seasonal produce to reduce spoilage and transport loss"
161,Monsoon,Lunch Combo (Main+Side+Dessert),One Pot Punjabi Rajma Masala Recipe - One pot Punjabi Rajma Masala Recipe,Gobi Musallam Recipe (Spicy Cauliflower Creamy Gravy),Besan Ka Sheera Recipe (Natural Cold Remedy),0.492,Medium,38,"Track daily usage & adjust portions; Prep-to-order leafy items; Keep dressings/sauces separate; Use repurposing (soups, fillings); Source local seasonal produce to reduce spoilage and transport loss"
162,Monsoon,Dinner Combo (Soup+Main+Beverage),One Pot Punjabi Rajma Masala Recipe - One pot Punjabi Rajma Masala Recipe,Mini Pita Pizza With Tahini Roasted Vegetables Recipe ,Besan Ka Sheera Recipe (Natural Cold Remedy),0.472,Medium,41,"Track daily usage & adjust portions; Prep-to-order leafy items; Keep dressings/sauces separate; Use repurposing (soups, fillings); Plan cross-day menu reuse (stocks/bases); Use leftover bases for soups or gravies; Source local seasonal produce to reduce spoilage and transport loss"
163,Monsoon,Lunch Combo (Main+Side+Dessert),Roasted Eggplant & Olive Lasagna Recipe,Kathirikai Gothsu / Gotsu Recipe - South Indian Style Spicy and Tangy Eggplant Curry,Besan Ka Sheera Recipe (Natural Cold Remedy),0.6,Medium,32,Track daily usage & adjust portions; Batch small quantities; Use FIFO storage & rapid chill; Cross-utilize protein in stocks/soups; Source local seasonal produce to reduce spoilage and transport loss
164,Monsoon,Dinner Combo (Soup+Main+Beverage),Roasted Eggplant & Olive Lasagna Recipe,Chicken Manchurian Recipe Gravy | Indo Chinese Recipe,Besan Ka Sheera Recipe (Natural Cold Remedy),0.58,Medium,40,Track daily usage & adjust portions; Batch small quantities; Use FIFO storage & rapid chill; Cross-utilize protein in stocks/soups; Plan cross-day menu reuse (stocks/bases); Use leftover bases for soups or gravies; Source local seasonal produce to reduce spoilage and transport loss
165,Monsoon,Lunch Combo (Main+Side+Dessert),Eggplant Rolls Recipe,Tamil Nadu Style Broccoli Porial Recipe - Tamil Nadu Style Broccoli Poriyal Recipe,Besan Ka Sheera Recipe (Natural Cold Remedy),0.525,Medium,42,"Track daily usage & adjust portions; Prep-to-order leafy items; Keep dressings/sauces separate; Use repurposing (soups, fillings); Source local seasonal produce to reduce spoilage and transport loss"
166,Monsoon,Dinner Combo (Soup+Main+Beverage),Eggplant Rolls Recipe,"Carrot, Sweet Potato, Mushrooms Fritters Recipe ",Besan Ka Sheera Recipe (Natural Cold Remedy),0.535,Medium,48,Track daily usage & adjust portions; Batch small quantities; Use FIFO storage & rapid chill; Cross-utilize protein in stocks/soups; Plan cross-day menu reuse (stocks/bases); Use leftover bases for soups or gravies; Source local seasonal produce to reduce spoilage and transport loss
167,Monsoon,Lunch Combo (Main+Side+Dessert),Asian Black Pepper Basa Fish Recipe ,Kathirikai Gothsu / Gotsu Recipe - South Indian Style Spicy and Tangy Eggplant Curry,Besan Ka Sheera Recipe (Natural Cold Remedy),0.6,Medium,30,Track daily usage & adjust portions; Batch small quantities; Use FIFO storage & rapid chill; Cross-utilize protein in stocks/soups; Source local seasonal produce to reduce spoilage and transport loss
168,Monsoon,Dinner Combo (Soup+Main+Beverage),Asian Black Pepper Basa Fish Recipe ,Egg Manchurian Recipe,Besan Ka Sheera Recipe (Natural Cold Remedy),0.58,Medium,37,Track daily usage & adjust portions; Batch small quantities; Use FIFO storage & rapid chill; Cross-utilize protein in stocks/soups; Plan cross-day menu reuse (stocks/bases); Use leftover bases for soups or gravies; Source local seasonal produce to reduce spoilage and transport loss
169,Monsoon,Lunch Combo (Main+Side+Dessert),Asian Black Pepper Basa Fish Recipe ,Ginger Garlic Chicken Recipe,Besan Ka Sheera Recipe (Natural Cold Remedy),0.6,Medium,27,Track daily usage & adjust portions; Batch small quantities; Use FIFO storage & rapid chill; Cross-utilize protein in stocks/soups; Source local seasonal produce to reduce spoilage and transport loss
170,Monsoon,Dinner Combo (Soup+Main+Beverage),Asian Black Pepper Basa Fish Recipe ,Corn Toast Recipe With Moong Sprouts & Vegetables,Besan Ka Sheera Recipe (Natural Cold Remedy),0.58,Medium,40,Track daily usage & adjust portions; Batch small quantities; Use FIFO storage & rapid chill; Cross-utilize protein in stocks/soups; Plan cross-day menu reuse (stocks/bases); Use leftover bases for soups or gravies; Source local seasonal produce to reduce spoilage and transport loss
171,Monsoon,Lunch Combo (Main+Side+Dessert),Roasted Eggplant & Olive Lasagna Recipe,Cherupayar Thoran Recipe - Kerala Style Green Gram Sabzi,Besan Ka Sheera Recipe (Natural Cold Remedy),0.555,Medium,29,Track daily usage & adjust portions; Batch small quantities; Use FIFO storage & rapid chill; Cross-utilize protein in stocks/soups; Source local seasonal produce to reduce spoilage and transport loss
172,Monsoon,Dinner Combo (Soup+Main+Beverage),Roasted Eggplant & Olive Lasagna Recipe,Cheesy Spinach Open Toast Recipe,Besan Ka Sheera Recipe (Natural Cold Remedy),0.58,Medium,46,Track daily usage & adjust portions; Batch small quantities; Use FIFO storage & rapid chill; Cross-utilize protein in stocks/soups; Plan cross-day menu reuse (stocks/bases); Use leftover bases for soups or gravies; Source local seasonal produce to reduce spoilage and transport loss
173,Monsoon,Lunch Combo (Main+Side+Dessert),Bengali Style Kanchkolar Kofta Curry Recipe | Raw Banana Kofta Recipe,Kerala Style Vegetable Stew Recipe with Coconut Milk,Besan Ka Sheera Recipe (Natural Cold Remedy),0.492,Medium,29,"Track daily usage & adjust portions; Prep-to-order leafy items; Keep dressings/sauces separate; Use repurposing (soups, fillings); Source local seasonal produce to reduce spoilage and transport loss"
174,Monsoon,Dinner Combo (Soup+Main+Beverage),Bengali Style Kanchkolar Kofta Curry Recipe | Raw Banana Kofta Recipe,Corn Toast Recipe With Moong Sprouts & Vegetables,Besan Ka Sheera Recipe (Natural Cold Remedy),0.472,Medium,34,"Track daily usage & adjust portions; Prep-to-order leafy items; Keep dressings/sauces separate; Use repurposing (soups, fillings); Plan cross-day menu reuse (stocks/bases); Use leftover bases for soups or gravies; Source local seasonal produce to reduce spoilage and transport loss"
175,Monsoon,Lunch Combo (Main+Side+Dessert),Spicy And Delicious Chicken Teriyaki Noodle Recipe,Provencal Style Grilled Stuffed Tomato Recipe,Besan Ka Sheera Recipe (Natural Cold Remedy),0.6,Medium,33,Track daily usage & adjust portions; Batch small quantities; Use FIFO storage & rapid chill; Cross-utilize protein in stocks/soups; Source local seasonal produce to reduce spoilage and transport loss
176,Monsoon,Dinner Combo (Soup+Main+Beverage),Spicy And Delicious Chicken Teriyaki Noodle Recipe,Sabudana Khatti Meethi Namkeen Recipe,Besan Ka Sheera Recipe (Natural Cold Remedy),0.505,Medium,45,"Track daily usage & adjust portions; Prep-to-order leafy items; Keep dressings/sauces separate; Use repurposing (soups, fillings); Plan cross-day menu reuse (stocks/bases); Use leftover bases for soups or gravies; Source local seasonal produce to reduce spoilage and transport loss"
177,Monsoon,Lunch Combo (Main+Side+Dessert),Asian Black Pepper Basa Fish Recipe ,Ullikadala Pulusu Recipe | Spring onion curry,Besan Ka Sheera Recipe (Natural Cold Remedy),0.555,Medium,26,Track daily usage & adjust portions; Batch small quantities; Use FIFO storage & rapid chill; Cross-utilize protein in stocks/soups; Source local seasonal produce to reduce spoilage and transport loss
178,Monsoon,Dinner Combo (Soup+Main+Beverage),Asian Black Pepper Basa Fish Recipe ,Spicy Sichuan Cauliflower Recipe,Besan Ka Sheera Recipe (Natural Cold Remedy),0.505,Medium,32,"Track daily usage & adjust portions; Prep-to-order leafy items; Keep dressings/sauces separate; Use repurposing (soups, fillings); Plan cross-day menu reuse (stocks/bases); Use leftover bases for soups or gravies; Source local seasonal produce to reduce spoilage and transport loss"
179,Monsoon,Lunch Combo (Main+Side+Dessert),Moroccan Eggplant And Garbanzo Stew Recipe,Cheesy Mushroom & Corn Open Toast,Besan Ka Sheera Recipe (Natural Cold Remedy),0.6,Medium,32,Track daily usage & adjust portions; Batch small quantities; Use FIFO storage & rapid chill; Cross-utilize protein in stocks/soups; Source local seasonal produce to reduce spoilage and transport loss
180,Monsoon,Dinner Combo (Soup+Main+Beverage),Moroccan Eggplant And Garbanzo Stew Recipe,Corn and Spinach Whole Wheat Calzone Recipe,Besan Ka Sheera Recipe (Natural Cold Remedy),0.58,Medium,40,Track daily usage & adjust portions; Batch small quantities; Use FIFO storage & rapid chill; Cross-utilize protein in stocks/soups; Plan cross-day menu reuse (stocks/bases); Use leftover bases for soups or gravies; Source local seasonal produce to reduce spoilage and transport loss
181,Spring,Lunch Combo (Main+Side+Dessert),One Pot Aloo Gobi Sabzi Recipe Using Preethi Electric Pressure Cooker,Bengali Bhetki Macher Paturi Recipe (Barramundi Fish Wrapped in Banana Leaf),Eggless Chocolate Banana Cake Recipe ,0.447,Medium,28,"Track daily usage & adjust portions; Prep-to-order leafy items; Keep dressings/sauces separate; Use repurposing (soups, fillings); Source local seasonal produce to reduce spoilage and transport loss"
182,Spring,Dinner Combo (Soup+Main+Beverage),One Pot Aloo Gobi Sabzi Recipe Using Preethi Electric Pressure Cooker,Fresh Figs Strawberry and Banana Smoothie Recipe,Eggless Chocolate Banana Cake Recipe ,0.427,Medium,35,"Track daily usage & adjust portions; Prep-to-order leafy items; Keep dressings/sauces separate; Use repurposing (soups, fillings); Plan cross-day menu reuse (stocks/bases); Use leftover bases for soups or gravies; Source local seasonal produce to reduce spoilage and transport loss"
183,Spring,Lunch Combo (Main+Side+Dessert),One Pot Aloo Gobi Sabzi Recipe Using Preethi Electric Pressure Cooker,Muttaikose Poriyal Recipe -  Purple Cabbage Poriyal | Red Cabbage Sabzi,Balinese Black Rice Pudding Recipe,0.417,Medium,42,"Track daily usage & adjust portions; Prep-to-order leafy items; Keep dressings/sauces separate; Use repurposing (soups, fillings); Source local seasonal produce to reduce spoilage and transport loss"
184,Spring,Dinner Combo (Soup+Main+Beverage),One Pot Aloo Gobi Sabzi Recipe Using Preethi Electric Pressure Cooker,Fruit Sandwich Recipe,Balinese Black Rice Pudding Recipe,0.397,Medium,47,"Track daily usage & adjust portions; Prep-to-order leafy items; Keep dressings/sauces separate; Use repurposing (soups, fillings); Plan cross-day menu reuse (stocks/bases); Use leftover bases for soups or gravies; Source local seasonal produce to reduce spoilage and transport loss"
185,Spring,Lunch Combo (Main+Side+Dessert),One Pot Aloo Gobi Sabzi Recipe Using Preethi Electric Pressure Cooker,Garlic Toasted Beans Salad Recipe,Balinese Black Rice Pudding Recipe,0.417,Medium,39,"Track daily usage & adjust portions; Prep-to-order leafy items; Keep dressings/sauces separate; Use repurposing (soups, fillings); Source local seasonal produce to reduce spoilage and transport loss"
186,Spring,Dinner Combo (Soup+Main+Beverage),One Pot Aloo Gobi Sabzi Recipe Using Preethi Electric Pressure Cooker,Fruit Sandwich Recipe,Balinese Black Rice Pudding Recipe,0.397,Medium,43,"Track daily usage & adjust portions; Prep-to-order leafy items; Keep dressings/sauces separate; Use repurposing (soups, fillings); Plan cross-day menu reuse (stocks/bases); Use leftover bases for soups or gravies; Source local seasonal produce to reduce spoilage and transport loss"
187,Spring,Lunch Combo (Main+Side+Dessert),One Pot Aloo Gobi Sabzi Recipe Using Preethi Electric Pressure Cooker,Garlic Toasted Beans Salad Recipe,Eggless Chocolate Banana Cake Recipe ,0.372,Medium,40,Track daily usage & adjust portions; Bulk prep & chilled storage; Use bulk purchasing & long-shelf ingredients; Source local seasonal produce to reduce spoilage and transport loss
188,Spring,Dinner Combo (Soup+Main+Beverage),One Pot Aloo Gobi Sabzi Recipe Using Preethi Electric Pressure Cooker,Muesli Banana Fritters Recipe,Eggless Chocolate Banana Cake Recipe ,0.352,Medium,40,Track daily usage & adjust portions; Bulk prep & chilled storage; Use bulk purchasing & long-shelf ingredients; Plan cross-day menu reuse (stocks/bases); Use leftover bases for soups or gravies; Source local seasonal produce to reduce spoilage and transport loss
189,Spring,Lunch Combo (Main+Side+Dessert),One Pot Aloo Gobi Sabzi Recipe Using Preethi Electric Pressure Cooker,Garlic Toasted Beans Salad Recipe,Papaya Sorbet Recipe,0.417,Medium,31,"Track daily usage & adjust portions; Prep-to-order leafy items; Keep dressings/sauces separate; Use repurposing (soups, fillings); Source local seasonal produce to reduce spoilage and transport loss"
190,Spring,Dinner Combo (Soup+Main+Beverage),One Pot Aloo Gobi Sabzi Recipe Using Preethi Electric Pressure Cooker,Stuffed Tomato With Stir-Fried Quinoa And Feta Recipe,Papaya Sorbet Recipe,0.472,Medium,40,"Track daily usage & adjust portions; Prep-to-order leafy items; Keep dressings/sauces separate; Use repurposing (soups, fillings); Plan cross-day menu reuse (stocks/bases); Use leftover bases for soups or gravies; Source local seasonal produce to reduce spoilage and transport loss"
191,Spring,Lunch Combo (Main+Side+Dessert),One Pot Aloo Gobi Sabzi Recipe Using Preethi Electric Pressure Cooker,Bengali Bhetki Macher Paturi Recipe (Barramundi Fish Wrapped in Banana Leaf),Papaya Sorbet Recipe,0.492,Medium,28,"Track daily usage & adjust portions; Prep-to-order leafy items; Keep dressings/sauces separate; Use repurposing (soups, fillings); Source local seasonal produce to reduce spoilage and transport loss"
192,Spring,Dinner Combo (Soup+Main+Beverage),One Pot Aloo Gobi Sabzi Recipe Using Preethi Electric Pressure Cooker,Stuffed Tomato With Stir-Fried Quinoa And Feta Recipe,Papaya Sorbet Recipe,0.472,Medium,44,"Track daily usage & adjust portions; Prep-to-order leafy items; Keep dressings/sauces separate; Use repurposing (soups, fillings); Plan cross-day menu reuse (stocks/bases); Use leftover bases for soups or gravies; Source local seasonal produce to reduce spoilage and transport loss"
193,Spring,Lunch Combo (Main+Side+Dessert),One Pot Aloo Gobi Sabzi Recipe Using Preethi Electric Pressure Cooker,Karamani Sundal Recipe - Spicy Tossed Black Eyed Beans Recipe),Balinese Black Rice Pudding Recipe,0.447,Medium,33,"Track daily usage & adjust portions; Prep-to-order leafy items; Keep dressings/sauces separate; Use repurposing (soups, fillings); Source local seasonal produce to reduce spoilage and transport loss"
194,Spring,Dinner Combo (Soup+Main+Beverage),One Pot Aloo Gobi Sabzi Recipe Using Preethi Electric Pressure Cooker,Fruit Sandwich Recipe,Balinese Black Rice Pudding Recipe,0.397,Medium,47,"Track daily usage & adjust portions; Prep-to-order leafy items; Keep dressings/sauces separate; Use repurposing (soups, fillings); Plan cross-day menu reuse (stocks/bases); Use leftover bases for soups or gravies; Source local seasonal produce to reduce spoilage and transport loss"
195,Spring,Lunch Combo (Main+Side+Dessert),One Pot Aloo Gobi Sabzi Recipe Using Preethi Electric Pressure Cooker,Bengali Bhetki Macher Paturi Recipe (Barramundi Fish Wrapped in Banana Leaf),Balinese Black Rice Pudding Recipe,0.492,Medium,36,"Track daily usage & adjust portions; Prep-to-order leafy items; Keep dressings/sauces separate; Use repurposing (soups, fillings); Source local seasonal produce to reduce spoilage and transport loss"
196,Spring,Dinner Combo (Soup+Main+Beverage),One Pot Aloo Gobi Sabzi Recipe Using Preethi Electric Pressure Cooker,Banana-Almond Butter Bread Recipe,Balinese Black Rice Pudding Recipe,0.472,Medium,37,"Track daily usage & adjust portions; Prep-to-order leafy items; Keep dressings/sauces separate; Use repurposing (soups, fillings); Plan cross-day menu reuse (stocks/bases); Use leftover bases for soups or gravies; Source local seasonal produce to reduce spoilage and transport loss"
197,Spring,Lunch Combo (Main+Side+Dessert),One Pot Aloo Gobi Sabzi Recipe Using Preethi Electric Pressure Cooker,Karamani Sundal Recipe - Spicy Tossed Black Eyed Beans Recipe),Eggless Chocolate Banana Cake Recipe ,0.402,Medium,33,"Track daily usage & adjust portions; Prep-to-order leafy items; Keep dressings/sauces separate; Use repurposing (soups, fillings); Source local seasonal produce to reduce spoilage and transport loss"
198,Spring,Dinner Combo (Soup+Main+Beverage),One Pot Aloo Gobi Sabzi Recipe Using Preethi Electric Pressure Cooker,Fruit Sandwich Recipe,Eggless Chocolate Banana Cake Recipe ,0.352,Medium,40,Track daily usage & adjust portions; Bulk prep & chilled storage; Use bulk purchasing & long-shelf ingredients; Plan cross-day menu reuse (stocks/bases); Use leftover bases for soups or gravies; Source local seasonal produce to reduce spoilage and transport loss
199,Spring,Lunch Combo (Main+Side+Dessert),One Pot Aloo Gobi Sabzi Recipe Using Preethi Electric Pressure Cooker,Muttaikose Poriyal Recipe -  Purple Cabbage Poriyal | Red Cabbage Sabzi,Papaya Sorbet Recipe,0.417,Medium,33,"Track daily usage & adjust portions; Prep-to-order leafy items; Keep dressings/sauces separate; Use repurposing (soups, fillings); Source local seasonal produce to reduce spoilage and transport loss"
200,Spring,Dinner Combo (Soup+Main+Beverage),One Pot Aloo Gobi Sabzi Recipe Using Preethi Electric Pressure Cooker,Muesli Banana Fritters Recipe,Papaya Sorbet Recipe,0.397,Medium,39,"Track daily usage & adjust portions; Prep-to-order leafy items; Keep dressings/sauces separate; Use repurposing (soups, fillings); Plan cross-day menu reuse (stocks/bases); Use leftover bases for soups or gravies; Source local seasonal produce to reduce spoilage and transport loss"
201,Spring,Lunch Combo (Main+Side+Dessert),One Pot Aloo Gobi Sabzi Recipe Using Preethi Electric Pressure Cooker,Karamani Sundal Recipe - Spicy Tossed Black Eyed Beans Recipe),Papaya Sorbet Recipe,0.447,Medium,33,"Track daily usage & adjust portions; Prep-to-order leafy items; Keep dressings/sauces separate; Use repurposing (soups, fillings); Source local seasonal produce to reduce spoilage and transport loss"
202,Spring,Dinner Combo (Soup+Main+Beverage),One Pot Aloo Gobi Sabzi Recipe Using Preethi Electric Pressure Cooker,Nutty Pineapple Tutti Frutti Cake Recipe (White Fruitcake),Papaya Sorbet Recipe,0.472,Medium,34,"Track daily usage & adjust portions; Prep-to-order leafy items; Keep dressings/sauces separate; Use repurposing (soups, fillings); Plan cross-day menu reuse (stocks/bases); Use leftover bases for soups or gravies; Source local seasonal produce to reduce spoilage and transport loss"
203,Spring,Lunch Combo (Main+Side+Dessert),One Pot Aloo Gobi Sabzi Recipe Using Preethi Electric Pressure Cooker,Muttaikose Poriyal Recipe -  Purple Cabbage Poriyal | Red Cabbage Sabzi,Eggless Chocolate Banana Cake Recipe ,0.372,Medium,42,Track daily usage & adjust portions; Bulk prep & chilled storage; Use bulk purchasing & long-shelf ingredients; Source local seasonal produce to reduce spoilage and transport loss
204,Spring,Dinner Combo (Soup+Main+Beverage),One Pot Aloo Gobi Sabzi Recipe Using Preethi Electric Pressure Cooker,Muesli Banana Fritters Recipe,Eggless Chocolate Banana Cake Recipe ,0.352,Medium,35,Track daily usage & adjust portions; Bulk prep & chilled storage; Use bulk purchasing & long-shelf ingredients; Plan cross-day menu reuse (stocks/bases); Use leftover bases for soups or gravies; Source local seasonal produce to reduce spoilage and transport loss
205,All Season,Lunch Combo (Main+Side+Dessert),Thai coconut garlic rice recipe - Thai Coconut Garlic Rice Recipe,Padipe Saasmi Recipe - Udupi Style Amaranth Leaves Curry With Coconut & Tamarind,Sticky Date Pudding With Butterscotch Sauce Recipe,0.525,Medium,24,"Track daily usage & adjust portions; Prep-to-order leafy items; Keep dressings/sauces separate; Use repurposing (soups, fillings); Negotiate with suppliers for smaller/frequent deliveries of out-of-season items"
206,All Season,Dinner Combo (Soup+Main+Beverage),Thai coconut garlic rice recipe - Thai Coconut Garlic Rice Recipe,"Broccoli, Paneer & Peanut Sandwich Recipe ",Sticky Date Pudding With Butterscotch Sauce Recipe,0.58,Medium,23,Track daily usage & adjust portions; Batch small quantities; Use FIFO storage & rapid chill; Cross-utilize protein in stocks/soups; Plan cross-day menu reuse (stocks/bases); Use leftover bases for soups or gravies; Negotiate with suppliers for smaller/frequent deliveries of out-of-season items
207,All Season,Lunch Combo (Main+Side+Dessert),Thai coconut garlic rice recipe - Thai Coconut Garlic Rice Recipe,Peanut Chutney Podi Recipe - Peanut Chutney Podi Recipe,Black And Green Grapes Panna Cotta Recipe,0.555,Medium,28,Track daily usage & adjust portions; Batch small quantities; Use FIFO storage & rapid chill; Cross-utilize protein in stocks/soups; Negotiate with suppliers for smaller/frequent deliveries of out-of-season items
208,All Season,Dinner Combo (Soup+Main+Beverage),Thai coconut garlic rice recipe - Thai Coconut Garlic Rice Recipe,चेट्टिनाड ड्राई पेप्पर चिकन रेसिपी - Chettinad Dry Pepper Chicken Recipe,Black And Green Grapes Panna Cotta Recipe,0.505,Medium,24,"Track daily usage & adjust portions; Prep-to-order leafy items; Keep dressings/sauces separate; Use repurposing (soups, fillings); Plan cross-day menu reuse (stocks/bases); Use leftover bases for soups or gravies; Negotiate with suppliers for smaller/frequent deliveries of out-of-season items"
209,All Season,Lunch Combo (Main+Side+Dessert),चायनीज वेजिटेबल फ्राइड रेसिपी रेसिपी - Chinese Vegetable Fried Rice Recipe,चकुंदर पनीर करी रेसिपी -  Beetroot Paneer Curry Recipe In Coconut Milk,Apple Pocket Pie Recipe,0.345,Low,9,Track daily usage & adjust portions; Bulk prep & chilled storage; Use bulk purchasing & long-shelf ingredients; Negotiate with suppliers for smaller/frequent deliveries of out-of-season items
210,All Season,Dinner Combo (Soup+Main+Beverage),चायनीज वेजिटेबल फ्राइड रेसिपी रेसिपी - Chinese Vegetable Fried Rice Recipe,Garlic & Ginger Spiced Potato Wedges Recipe (Baked),Apple Pocket Pie Recipe,0.325,Low,23,Track daily usage & adjust portions; Bulk prep & chilled storage; Use bulk purchasing & long-shelf ingredients; Plan cross-day menu reuse (stocks/bases); Use leftover bases for soups or gravies; Negotiate with suppliers for smaller/frequent deliveries of out-of-season items
211,All Season,Lunch Combo (Main+Side+Dessert),टमाटर पुलियोगरे रेसिपी - Spicy Tomato Rice (Recipe In Hindi),"चकुंदर, गाजर और ककड़ी का सलाद रेसिपी - Beetroot, Carrot & Cucumber Salad with Peanuts Recipe",Boondi Ki Kheer Recipe,0.345,Low,9,Track daily usage & adjust portions; Bulk prep & chilled storage; Use bulk purchasing & long-shelf ingredients; Negotiate with suppliers for smaller/frequent deliveries of out-of-season items
212,All Season,Dinner Combo (Soup+Main+Beverage),टमाटर पुलियोगरे रेसिपी - Spicy Tomato Rice (Recipe In Hindi),Mogre Ka Sharbat Recipe - Fresh Jasmine Drink ,Boondi Ki Kheer Recipe,0.4,Medium,27,"Track daily usage & adjust portions; Prep-to-order leafy items; Keep dressings/sauces separate; Use repurposing (soups, fillings); Plan cross-day menu reuse (stocks/bases); Use leftover bases for soups or gravies; Negotiate with suppliers for smaller/frequent deliveries of out-of-season items"
213,All Season,Lunch Combo (Main+Side+Dessert),Bhoplya Cha Bhaarit Recipe - Maharashtra Pumpkin Sabzi,Delicious Herbed Hasselback Potatoes Recipe,Chocolate Salted Caramel Tart Recipe,0.345,Low,20,Track daily usage & adjust portions; Bulk prep & chilled storage; Use bulk purchasing & long-shelf ingredients; Negotiate with suppliers for smaller/frequent deliveries of out-of-season items
214,All Season,Dinner Combo (Soup+Main+Beverage),Bhoplya Cha Bhaarit Recipe - Maharashtra Pumpkin Sabzi,Æbleskivers Recipe- Danish Chocolate Pancake Puffs,Chocolate Salted Caramel Tart Recipe,0.4,Medium,23,"Track daily usage & adjust portions; Prep-to-order leafy items; Keep dressings/sauces separate; Use repurposing (soups, fillings); Plan cross-day menu reuse (stocks/bases); Use leftover bases for soups or gravies; Negotiate with suppliers for smaller/frequent deliveries of out-of-season items"
215,All Season,Lunch Combo (Main+Side+Dessert),टमाटर पुलियोगरे रेसिपी - Spicy Tomato Rice (Recipe In Hindi),Telangana Style Barada Palya Recipe - Chan Dal Dry Sabzi,Khira Gaintha Recipe (Kheer Puli),0.375,Medium,29,Track daily usage & adjust portions; Bulk prep & chilled storage; Use bulk purchasing & long-shelf ingredients; Negotiate with suppliers for smaller/frequent deliveries of out-of-season items
216,All Season,Dinner Combo (Soup+Main+Beverage),टमाटर पुलियोगरे रेसिपी - Spicy Tomato Rice (Recipe In Hindi),"Oats, Cranberry And Walnut Bread Recipe",Khira Gaintha Recipe (Kheer Puli),0.4,Medium,31,"Track daily usage & adjust portions; Prep-to-order leafy items; Keep dressings/sauces separate; Use repurposing (soups, fillings); Plan cross-day menu reuse (stocks/bases); Use leftover bases for soups or gravies; Negotiate with suppliers for smaller/frequent deliveries of out-of-season items"
217,All Season,Lunch Combo (Main+Side+Dessert),Bhoplya Cha Bhaarit Recipe - Maharashtra Pumpkin Sabzi,हरी मूंग दाल सुंदल रेसिपी - Green Moong Dal Sundal Recipe,Salted Caramel Sauce Recipe,0.345,Low,17,Track daily usage & adjust portions; Bulk prep & chilled storage; Use bulk purchasing & long-shelf ingredients; Negotiate with suppliers for smaller/frequent deliveries of out-of-season items
218,All Season,Dinner Combo (Soup+Main+Beverage),Bhoplya Cha Bhaarit Recipe - Maharashtra Pumpkin Sabzi,Chocolate Dipped Eggless Coconut Macaroon Recipe,Salted Caramel Sauce Recipe,0.4,Medium,23,"Track daily usage & adjust portions; Prep-to-order leafy items; Keep dressings/sauces separate; Use repurposing (soups, fillings); Plan cross-day menu reuse (stocks/bases); Use leftover bases for soups or gravies; Negotiate with suppliers for smaller/frequent deliveries of out-of-season items"
219,All Season,Lunch Combo (Main+Side+Dessert),Thai coconut garlic rice recipe - Thai Coconut Garlic Rice Recipe,Gurellla Chutney Podi Recipe,Boondi Ki Kheer Recipe,0.525,Medium,19,"Track daily usage & adjust portions; Prep-to-order leafy items; Keep dressings/sauces separate; Use repurposing (soups, fillings); Negotiate with suppliers for smaller/frequent deliveries of out-of-season items"
220,All Season,Dinner Combo (Soup+Main+Beverage),Thai coconut garlic rice recipe - Thai Coconut Garlic Rice Recipe,Creamy and Silky Zucchini Soup Recipe ,Boondi Ki Kheer Recipe,0.505,Medium,25,"Track daily usage & adjust portions; Prep-to-order leafy items; Keep dressings/sauces separate; Use repurposing (soups, fillings); Plan cross-day menu reuse (stocks/bases); Use leftover bases for soups or gravies; Negotiate with suppliers for smaller/frequent deliveries of out-of-season items"
221,All Season,Lunch Combo (Main+Side+Dessert),चायनीज वेजिटेबल फ्राइड रेसिपी रेसिपी - Chinese Vegetable Fried Rice Recipe,Konkani Style Batata Song Recipe - Dry Red Chili Potatoes Fry ,Gulab Jamun Trifle Recipe,0.345,Low,15,Track daily usage & adjust portions; Bulk prep & chilled storage; Use bulk purchasing & long-shelf ingredients; Negotiate with suppliers for smaller/frequent deliveries of out-of-season items
222,All Season,Dinner Combo (Soup+Main+Beverage),चायनीज वेजिटेबल फ्राइड रेसिपी रेसिपी - Chinese Vegetable Fried Rice Recipe,Cream of Pumpkin Soup Recipe,Gulab Jamun Trifle Recipe,0.4,Medium,35,"Track daily usage & adjust portions; Prep-to-order leafy items; Keep dressings/sauces separate; Use repurposing (soups, fillings); Plan cross-day menu reuse (stocks/bases); Use leftover bases for soups or gravies; Negotiate with suppliers for smaller/frequent deliveries of out-of-season items"
223,All Season,Lunch Combo (Main+Side+Dessert),Thai coconut garlic rice recipe - Thai Coconut Garlic Rice Recipe,चकुंदर पनीर करी रेसिपी -  Beetroot Paneer Curry Recipe In Coconut Milk,Black And Green Grapes Panna Cotta Recipe,0.525,Medium,19,"Track daily usage & adjust portions; Prep-to-order leafy items; Keep dressings/sauces separate; Use repurposing (soups, fillings); Negotiate with suppliers for smaller/frequent deliveries of out-of-season items"
224,All Season,Dinner Combo (Soup+Main+Beverage),Thai coconut garlic rice recipe - Thai Coconut Garlic Rice Recipe,No Bake Oats Energy Bites Recipe,Black And Green Grapes Panna Cotta Recipe,0.58,Medium,23,Track daily usage & adjust portions; Batch small quantities; Use FIFO storage & rapid chill; Cross-utilize protein in stocks/soups; Plan cross-day menu reuse (stocks/bases); Use leftover bases for soups or gravies; Negotiate with suppliers for smaller/frequent deliveries of out-of-season items
225,All Season,Lunch Combo (Main+Side+Dessert),Thai coconut garlic rice recipe - Thai Coconut Garlic Rice Recipe,Delicious Herbed Hasselback Potatoes Recipe,Brown Rice Flakes Pudding / Desi Poha Kheer Recipe,0.525,Medium,32,"Track daily usage & adjust portions; Prep-to-order leafy items; Keep dressings/sauces separate; Use repurposing (soups, fillings); Negotiate with suppliers for smaller/frequent deliveries of out-of-season items"
226,All Season,Dinner Combo (Soup+Main+Beverage),Thai coconut garlic rice recipe - Thai Coconut Garlic Rice Recipe,Poppetjes Recipe - Sweet Puffy Wheat Dumpling Recipe,Brown Rice Flakes Pudding / Desi Poha Kheer Recipe,0.58,Medium,32,Track daily usage & adjust portions; Batch small quantities; Use FIFO storage & rapid chill; Cross-utilize protein in stocks/soups; Plan cross-day menu reuse (stocks/bases); Use leftover bases for soups or gravies; Negotiate with suppliers for smaller/frequent deliveries of out-of-season items
227,All Season,Lunch Combo (Main+Side+Dessert),चायनीज वेजिटेबल फ्राइड रेसिपी रेसिपी - Chinese Vegetable Fried Rice Recipe,पोट्टू कडलई चटनी रेसिपी - Roasted Chickpea Chutney Recipe ,Brown Rice Flakes Pudding / Desi Poha Kheer Recipe,0.345,Low,9,Track daily usage & adjust portions; Bulk prep & chilled storage; Use bulk purchasing & long-shelf ingredients; Negotiate with suppliers for smaller/frequent deliveries of out-of-season items
228,All Season,Dinner Combo (Soup+Main+Beverage),चायनीज वेजिटेबल फ्राइड रेसिपी रेसिपी - Chinese Vegetable Fried Rice Recipe,चेट्टिनाड ड्राई पेप्पर चिकन रेसिपी - Chettinad Dry Pepper Chicken Recipe,Brown Rice Flakes Pudding / Desi Poha Kheer Recipe,0.325,Low,15,Track daily usage & adjust portions; Bulk prep & chilled storage; Use bulk purchasing & long-shelf ingredients; Plan cross-day menu reuse (stocks/bases); Use leftover bases for soups or gravies; Negotiate with suppliers for smaller/frequent deliveries of out-of-season items
229,All Season,Lunch Combo (Main+Side+Dessert),चायनीज वेजिटेबल फ्राइड रेसिपी रेसिपी - Chinese Vegetable Fried Rice Recipe,Pakistani Style Tinde Ki Tarkari Recipe - Apple Gourds Cooked With Tomatoes,Boondi Ki Kheer Recipe,0.375,Medium,19,Track daily usage & adjust portions; Bulk prep & chilled storage; Use bulk purchasing & long-shelf ingredients; Negotiate with suppliers for smaller/frequent deliveries of out-of-season items
230,All Season,Dinner Combo (Soup+Main+Beverage),चायनीज वेजिटेबल फ्राइड रेसिपी रेसिपी - Chinese Vegetable Fried Rice Recipe,Creamy and Silky Zucchini Soup Recipe ,Boondi Ki Kheer Recipe,0.325,Low,14,Track daily usage & adjust portions; Bulk prep & chilled storage; Use bulk purchasing & long-shelf ingredients; Plan cross-day menu reuse (stocks/bases); Use leftover bases for soups or gravies; Negotiate with suppliers for smaller/frequent deliveries of out-of-season items
231,All Season,Lunch Combo (Main+Side+Dessert),Thai coconut garlic rice recipe - Thai Coconut Garlic Rice Recipe,उत्तर कनारा खट्टी मीठी आम की चटनी रेसिपी - North Kanara Sweet And Sour Raw Mango Chutney Recipe,Khira Gaintha Recipe (Kheer Puli),0.525,Medium,31,"Track daily usage & adjust portions; Prep-to-order leafy items; Keep dressings/sauces separate; Use repurposing (soups, fillings); Negotiate with suppliers for smaller/frequent deliveries of out-of-season items"
232,All Season,Dinner Combo (Soup+Main+Beverage),Thai coconut garlic rice recipe - Thai Coconut Garlic Rice Recipe,Swedish Saffron Buns Recipe,Khira Gaintha Recipe (Kheer Puli),0.58,Medium,27,Track daily usage & adjust portions; Batch small quantities; Use FIFO storage & rapid chill; Cross-utilize protein in stocks/soups; Plan cross-day menu reuse (stocks/bases); Use leftover bases for soups or gravies; Negotiate with suppliers for smaller/frequent deliveries of out-of-season items
233,All Season,Lunch Combo (Main+Side+Dessert),Thai coconut garlic rice recipe - Thai Coconut Garlic Rice Recipe,चकुंदर पनीर करी रेसिपी -  Beetroot Paneer Curry Recipe In Coconut Milk,Brown Rice Flakes Pudding / Desi Poha Kheer Recipe,0.525,Medium,24,"Track daily usage & adjust portions; Prep-to-order leafy items; Keep dressings/sauces separate; Use repurposing (soups, fillings); Negotiate with suppliers for smaller/frequent deliveries of out-of-season items"
234,All Season,Dinner Combo (Soup+Main+Beverage),Thai coconut garlic rice recipe - Thai Coconut Garlic Rice Recipe,Creamy and Silky Zucchini Soup Recipe ,Brown Rice Flakes Pudding / Desi Poha Kheer Recipe,0.505,Medium,33,"Track daily usage & adjust portions; Prep-to-order leafy items; Keep dressings/sauces separate; Use repurposing (soups, fillings); Plan cross-day menu reuse (stocks/bases); Use leftover bases for soups or gravies; Negotiate with suppliers for smaller/frequent deliveries of out-of-season items"
235,All Season,Lunch Combo (Main+Side+Dessert),Thai coconut garlic rice recipe - Thai Coconut Garlic Rice Recipe,Creamy Garlic Mashed Potatoes Recipe,Black And Green Grapes Panna Cotta Recipe,0.6,Medium,31,Track daily usage & adjust portions; Batch small quantities; Use FIFO storage & rapid chill; Cross-utilize protein in stocks/soups; Negotiate with suppliers for smaller/frequent deliveries of out-of-season items
236,All Season,Dinner Combo (Soup+Main+Beverage),Thai coconut garlic rice recipe - Thai Coconut Garlic Rice Recipe,Cream of Pumpkin Soup Recipe,Black And Green Grapes Panna Cotta Recipe,0.58,Medium,23,Track daily usage & adjust portions; Batch small quantities; Use FIFO storage & rapid chill; Cross-utilize protein in stocks/soups; Plan cross-day menu reuse (stocks/bases); Use leftover bases for soups or gravies; Negotiate with suppliers for smaller/frequent deliveries of out-of-season items
237,All Season,Lunch Combo (Main+Side+Dessert),चायनीज वेजिटेबल फ्राइड रेसिपी रेसिपी - Chinese Vegetable Fried Rice Recipe,पोट्टू कडलई चटनी रेसिपी - Roasted Chickpea Chutney Recipe ,Eggless Easy Chocolate Cake Recipe - Vegan Option,0.345,Low,18,Track daily usage & adjust portions; Bulk prep & chilled storage; Use bulk purchasing & long-shelf ingredients; Negotiate with suppliers for smaller/frequent deliveries of out-of-season items
238,All Season,Dinner Combo (Soup+Main+Beverage),चायनीज वेजिटेबल फ्राइड रेसिपी रेसिपी - Chinese Vegetable Fried Rice Recipe,"Oats, Cranberry And Walnut Bread Recipe",Eggless Easy Chocolate Cake Recipe - Vegan Option,0.4,Medium,37,"Track daily usage & adjust portions; Prep-to-order leafy items; Keep dressings/sauces separate; Use repurposing (soups, fillings); Plan cross-day menu reuse (stocks/bases); Use leftover bases for soups or gravies; Negotiate with suppliers for smaller/frequent deliveries of out-of-season items"
239,All Season,Lunch Combo (Main+Side+Dessert),चायनीज वेजिटेबल फ्राइड रेसिपी रेसिपी - Chinese Vegetable Fried Rice Recipe,Delicious Herbed Hasselback Potatoes Recipe,Doodanche Fov Recipe (Goan Style Milk Beaten Rice/Poha In Milk),0.345,Low,18,Track daily usage & adjust portions; Bulk prep & chilled storage; Use bulk purchasing & long-shelf ingredients; Negotiate with suppliers for smaller/frequent deliveries of out-of-season items
240,All Season,Dinner Combo (Soup+Main+Beverage),चायनीज वेजिटेबल फ्राइड रेसिपी रेसिपी - Chinese Vegetable Fried Rice Recipe,"Oats, Cranberry And Walnut Bread Recipe",Doodanche Fov Recipe (Goan Style Milk Beaten Rice/Poha In Milk),0.4,Medium,23,"Track daily usage & adjust portions; Prep-to-order leafy items; Keep dressings/sauces separate; Use repurposing (soups, fillings); Plan cross-day menu reuse (stocks/bases); Use leftover bases for soups or gravies; Negotiate with suppliers for smaller/frequent deliveries of out-of-season items"
241,All Season,Lunch Combo (Main+Side+Dessert),Thai coconut garlic rice recipe - Thai Coconut Garlic Rice Recipe,हरी मूंग दाल सुंदल रेसिपी - Green Moong Dal Sundal Recipe,Eggless Cake Pops Recipe,0.525,Medium,21,"Track daily usage & adjust portions; Prep-to-order leafy items; Keep dressings/sauces separate; Use repurposing (soups, fillings); Negotiate with suppliers for smaller/frequent deliveries of out-of-season items"
242,All Season,Dinner Combo (Soup+Main+Beverage),Thai coconut garlic rice recipe - Thai Coconut Garlic Rice Recipe,Creamy and Silky Zucchini Soup Recipe ,Eggless Cake Pops Recipe,0.505,Medium,30,"Track daily usage & adjust portions; Prep-to-order leafy items; Keep dressings/sauces separate; Use repurposing (soups, fillings); Plan cross-day menu reuse (stocks/bases); Use leftover bases for soups or gravies; Negotiate with suppliers for smaller/frequent deliveries of out-of-season items"
243,All Season,Lunch Combo (Main+Side+Dessert),चायनीज वेजिटेबल फ्राइड रेसिपी रेसिपी - Chinese Vegetable Fried Rice Recipe,Konkani Style Batata Song Recipe - Dry Red Chili Potatoes Fry ,Black And Green Grapes Panna Cotta Recipe,0.345,Low,17,Track daily usage & adjust portions; Bulk prep & chilled storage; Use bulk purchasing & long-shelf ingredients; Negotiate with suppliers for smaller/frequent deliveries of out-of-season items
244,All Season,Dinner Combo (Soup+Main+Beverage),चायनीज वेजिटेबल फ्राइड रेसिपी रेसिपी - Chinese Vegetable Fried Rice Recipe,Financiers Recipe - French Almond Tea Cake,Black And Green Grapes Panna Cotta Recipe,0.4,Medium,28,"Track daily usage & adjust portions; Prep-to-order leafy items; Keep dressings/sauces separate; Use repurposing (soups, fillings); Plan cross-day menu reuse (stocks/bases); Use leftover bases for soups or gravies; Negotiate with suppliers for smaller/frequent deliveries of out-of-season items"
245,All Season,Lunch Combo (Main+Side+Dessert),Bhoplya Cha Bhaarit Recipe - Maharashtra Pumpkin Sabzi,Telangana Style Barada Palya Recipe - Chan Dal Dry Sabzi,Butterscotch Marshmallow Mousse Recipe,0.375,Medium,18,Track daily usage & adjust portions; Bulk prep & chilled storage; Use bulk purchasing & long-shelf ingredients; Negotiate with suppliers for smaller/frequent deliveries of out-of-season items
246,All Season,Dinner Combo (Soup+Main+Beverage),Bhoplya Cha Bhaarit Recipe - Maharashtra Pumpkin Sabzi,No Bake Chocolate Coated Muesli Bars Recipe,Butterscotch Marshmallow Mousse Recipe,0.4,Medium,38,"Track daily usage & adjust portions; Prep-to-order leafy items; Keep dressings/sauces separate; Use repurposing (soups, fillings); Plan cross-day menu reuse (stocks/bases); Use leftover bases for soups or gravies; Negotiate with suppliers for smaller/frequent deliveries of out-of-season items"
247,All Season,Lunch Combo (Main+Side+Dessert),Thai coconut garlic rice recipe - Thai Coconut Garlic Rice Recipe,Creamy Garlic Mashed Potatoes Recipe,A Creamy & Delicious Gulkand Kulfi Recipe ,0.6,Medium,20,Track daily usage & adjust portions; Batch small quantities; Use FIFO storage & rapid chill; Cross-utilize protein in stocks/soups; Negotiate with suppliers for smaller/frequent deliveries of out-of-season items
248,All Season,Dinner Combo (Soup+Main+Beverage),Thai coconut garlic rice recipe - Thai Coconut Garlic Rice Recipe,Mogre Ka Sharbat Recipe - Fresh Jasmine Drink ,A Creamy & Delicious Gulkand Kulfi Recipe ,0.58,Medium,26,Track daily usage & adjust portions; Batch small quantities; Use FIFO storage & rapid chill; Cross-utilize protein in stocks/soups; Plan cross-day menu reuse (stocks/bases); Use leftover bases for soups or gravies; Negotiate with suppliers for smaller/frequent deliveries of out-of-season items
249,All Season,Lunch Combo (Main+Side+Dessert),टमाटर पुलियोगरे रेसिपी - Spicy Tomato Rice (Recipe In Hindi),Telangana Style Barada Palya Recipe - Chan Dal Dry Sabzi,Chocolate Salted Caramel Tart Recipe,0.375,Medium,25,Track daily usage & adjust portions; Bulk prep & chilled storage; Use bulk purchasing & long-shelf ingredients; Negotiate with suppliers for smaller/frequent deliveries of out-of-season items
250,All Season,Dinner Combo (Soup+Main+Beverage),टमाटर पुलियोगरे रेसिपी - Spicy Tomato Rice (Recipe In Hindi),Delicious Spicy Chyawanprash Cookies Recipe,Chocolate Salted Caramel Tart Recipe,0.4,Medium,33,"Track daily usage & adjust portions; Prep-to-order leafy items; Keep dressings/sauces separate; Use repurposing (soups, fillings); Plan cross-day menu reuse (stocks/bases); Use leftover bases for soups or gravies; Negotiate with suppliers for smaller/frequent deliveries of out-of-season items"
251,All Season,Lunch Combo (Main+Side+Dessert),चायनीज वेजिटेबल फ्राइड रेसिपी रेसिपी - Chinese Vegetable Fried Rice Recipe,Murungai Keerai Paruppu Usili Recipe - Drumstick Leaves & Toor Dal,PAA PAA EXCLUSION Kulfi Recipe,0.345,Low,9,Track daily usage & adjust portions; Bulk prep & chilled storage; Use bulk purchasing & long-shelf ingredients; Negotiate with suppliers for smaller/frequent deliveries of out-of-season items
252,All Season,Dinner Combo (Soup+Main+Beverage),चायनीज वेजिटेबल फ्राइड रेसिपी रेसिपी - Chinese Vegetable Fried Rice Recipe,Date Brownie Energy Bars Recipe,PAA PAA EXCLUSION Kulfi Recipe,0.325,Low,17,Track daily usage & adjust portions; Bulk prep & chilled storage; Use bulk purchasing & long-shelf ingredients; Plan cross-day menu reuse (stocks/bases); Use leftover bases for soups or gravies; Negotiate with suppliers for smaller/frequent deliveries of out-of-season items
253,All Season,Lunch Combo (Main+Side+Dessert),टमाटर पुलियोगरे रेसिपी - Spicy Tomato Rice (Recipe In Hindi),Delicious Herbed Hasselback Potatoes Recipe,Eggless Cake Pops Recipe,0.345,Low,18,Track daily usage & adjust portions; Bulk prep & chilled storage; Use bulk purchasing & long-shelf ingredients; Negotiate with suppliers for smaller/frequent deliveries of out-of-season items
254,All Season,Dinner Combo (Soup+Main+Beverage),टमाटर पुलियोगरे रेसिपी - Spicy Tomato Rice (Recipe In Hindi),एप्पल कुकुम्बर सलाद रेसिपी - Apple Cucumber Salad Recipe,Eggless Cake Pops Recipe,0.325,Low,14,Track daily usage & adjust portions; Bulk prep & chilled storage; Use bulk purchasing & long-shelf ingredients; Plan cross-day menu reuse (stocks/bases); Use leftover bases for soups or gravies; Negotiate with suppliers for smaller/frequent deliveries of out-of-season items
255,All Season,Lunch Combo (Main+Side+Dessert),चायनीज वेजिटेबल फ्राइड रेसिपी रेसिपी - Chinese Vegetable Fried Rice Recipe,पोट्टू कडलई चटनी रेसिपी - Roasted Chickpea Chutney Recipe ,Gulab Jamun Trifle Recipe,0.345,Low,9,Track daily usage & adjust portions; Bulk prep & chilled storage; Use bulk purchasing & long-shelf ingredients; Negotiate with suppliers for smaller/frequent deliveries of out-of-season items
256,All Season,Dinner Combo (Soup+Main+Beverage),चायनीज वेजिटेबल फ्राइड रेसिपी रेसिपी - Chinese Vegetable Fried Rice Recipe,Thenkuzhal Murukku Recipe - South Indian Snack,Gulab Jamun Trifle Recipe,0.325,Low,20,Track daily usage & adjust portions; Bulk prep & chilled storage; Use bulk purchasing & long-shelf ingredients; Plan cross-day menu reuse (stocks/bases); Use leftover bases for soups or gravies; Negotiate with suppliers for smaller/frequent deliveries of out-of-season items
257,All Season,Lunch Combo (Main+Side+Dessert),Bhoplya Cha Bhaarit Recipe - Maharashtra Pumpkin Sabzi,Creamy Garlic Mashed Potatoes Recipe,Doodanche Fov Recipe (Goan Style Milk Beaten Rice/Poha In Milk),0.42,Medium,34,"Track daily usage & adjust portions; Prep-to-order leafy items; Keep dressings/sauces separate; Use repurposing (soups, fillings); Negotiate with suppliers for smaller/frequent deliveries of out-of-season items"
258,All Season,Dinner Combo (Soup+Main+Beverage),Bhoplya Cha Bhaarit Recipe - Maharashtra Pumpkin Sabzi,Perfect Gooey Mozzarella Garlic Bread Recipe,Doodanche Fov Recipe (Goan Style Milk Beaten Rice/Poha In Milk),0.4,Medium,34,"Track daily usage & adjust portions; Prep-to-order leafy items; Keep dressings/sauces separate; Use repurposing (soups, fillings); Plan cross-day menu reuse (stocks/bases); Use leftover bases for soups or gravies; Negotiate with suppliers for smaller/frequent deliveries of out-of-season items"
259,All Season,Lunch Combo (Main+Side+Dessert),Bhoplya Cha Bhaarit Recipe - Maharashtra Pumpkin Sabzi,Peanut Chutney Podi Recipe - Peanut Chutney Podi Recipe,Chocolate Salted Caramel Tart Recipe,0.375,Medium,19,Track daily usage & adjust portions; Bulk prep & chilled storage; Use bulk purchasing & long-shelf ingredients; Negotiate with suppliers for smaller/frequent deliveries of out-of-season items
260,All Season,Dinner Combo (Soup+Main+Beverage),Bhoplya Cha Bhaarit Recipe - Maharashtra Pumpkin Sabzi,Grilled Aubergines with Tzatziki Sauce Recipe,Chocolate Salted Caramel Tart Recipe,0.4,Medium,26,"Track daily usage & adjust portions; Prep-to-order leafy items; Keep dressings/sauces separate; Use repurposing (soups, fillings); Plan cross-day menu reuse (stocks/bases); Use leftover bases for soups or gravies; Negotiate with suppliers for smaller/frequent deliveries of out-of-season items"
261,All Season,Lunch Combo (Main+Side+Dessert),चायनीज वेजिटेबल फ्राइड रेसिपी रेसिपी - Chinese Vegetable Fried Rice Recipe,चाय मसाला पाउडर रेसिपी - Indian Tea Masala Powder Recipe,Apple Pocket Pie Recipe,0.345,Low,17,Track daily usage & adjust portions; Bulk prep & chilled storage; Use bulk purchasing & long-shelf ingredients; Negotiate with suppliers for smaller/frequent deliveries of out-of-season items
262,All Season,Dinner Combo (Soup+Main+Beverage),चायनीज वेजिटेबल फ्राइड रेसिपी रेसिपी - Chinese Vegetable Fried Rice Recipe,एप्पल कुकुम्बर सलाद रेसिपी - Apple Cucumber Salad Recipe,Apple Pocket Pie Recipe,0.325,Low,19,Track daily usage & adjust portions; Bulk prep & chilled storage; Use bulk purchasing & long-shelf ingredients; Plan cross-day menu reuse (stocks/bases); Use leftover bases for soups or gravies; Negotiate with suppliers for smaller/frequent deliveries of out-of-season items
263,All Season,Lunch Combo (Main+Side+Dessert),Bhoplya Cha Bhaarit Recipe - Maharashtra Pumpkin Sabzi,Ridge Gourd Pachadi Recipe - Ridge Gourd Chutney,Butterscotch Marshmallow Mousse Recipe,0.345,Low,10,Track daily usage & adjust portions; Bulk prep & chilled storage; Use bulk purchasing & long-shelf ingredients; Negotiate with suppliers for smaller/frequent deliveries of out-of-season items
264,All Season,Dinner Combo (Soup+Main+Beverage),Bhoplya Cha Bhaarit Recipe - Maharashtra Pumpkin Sabzi,Jhure-jhure aloo bhaja recipe,Butterscotch Marshmallow Mousse Recipe,0.325,Low,22,Track daily usage & adjust portions; Bulk prep & chilled storage; Use bulk purchasing & long-shelf ingredients; Plan cross-day menu reuse (stocks/bases); Use leftover bases for soups or gravies; Negotiate with suppliers for smaller/frequent deliveries of out-of-season items
